"","source node","dest node","edge weight"
"1","2006","1011","5.44319651051276e-09"
"2","2024","1029","2.87932504507622e-09"
"3","1024","1011","3.22711717222391e-09"
"4","2030","1021","6.49807604238688e-09"
"5","2006","1016","2.10785779161754e-08"
"6","2013","1029","3.98976510162056e-09"
"7","2013","13","9.57470980343489e-09"
"8","2028","1011","3.310334963348e-09"
"9","1024","1016","6.45415723232067e-09"
"10","2013","1008","4.87486579577558e-09"
"11","1005","51","1.32753083827468e-08"
"12","2017","1007","7.74929823816646e-09"
"13","2016","1029","5.99989357947379e-09"
"14","1030","53","7.69891469361929e-09"
"15","2024","17","7.31148545713555e-09"
"16","1007","11","9.58354041907306e-09"
"17","2013","2008","5.16915572610289e-09"
"18","2008","18","7.89699032271015e-09"
"19","1022","52","1.00454506236611e-08"
"20","2030","2005","9.45602453825589e-09"
"21","1025","1006","1.17297070664659e-08"
"22","1035","1007","9.36895715234935e-09"
"23","2028","13","7.91128326998173e-09"
"24","2016","1011","9.76611996998463e-09"
"25","1015","13","1.55416823692893e-08"
"26","2011","1022","7.24494936595965e-09"
"27","2007","2003","1.16743600890947e-08"
"28","2007","1029","7.23628413862747e-09"
"29","1006","1005","2.6902138153803e-08"
"30","2019","1027","1.11003123760993e-08"
"31","2013","1009","1.04556403091225e-08"
"32","2013","1024","9.16296570943973e-09"
"33","2022","1013","9.53175123142035e-09"
"34","2007","1010","1.62293706925379e-08"
"35","2031","2027","8.82277971523836e-09"
"36","2022","1007","9.80528640076671e-09"
"37","50","12","3.50277443311469e-08"
"38","2016","2005","2.92328804440685e-08"
"39","2016","1024","1.39520684894145e-08"
"40","2023","2014","2.51804124089912e-08"
"41","2011","1009","1.13200904140767e-08"
"42","2010","1001","3.77154938346174e-08"
"43","1022","17","1.49190631725897e-08"
"44","2012","1027","1.13644905729874e-08"
"45","2003","17","3.00849959335263e-08"
"46","2021","10","3.43282591421211e-08"
"47","1007","13","2.19911615932352e-08"
"48","1034","51","4.67755658041787e-08"
"49","2029","1034","1.39665888675692e-08"
"50","1020","1003","2.99581308962431e-08"
"51","2024","53","1.6451313852503e-08"
"52","2013","54","2.45402619269927e-08"
"53","1016","54","6.20305280187395e-08"
"54","2025","1011","1.14846573936511e-08"
"55","2023","1035","2.77054224422011e-08"
"56","2002","49","4.92018255810219e-08"
"57","2029","1011","9.44867603568232e-09"
"58","2023","11","4.33441398154646e-08"
"59","2025","1016","2.14197551008611e-08"
"60","2008","1007","1.12482616317535e-08"
"61","1001","49","4.97272053197407e-08"
"62","2033","2008","1.77125486393557e-08"
"63","1010","18","6.41073477538138e-08"
"64","1011","54","2.18537121048309e-08"
"65","2028","2001","1.51629552070811e-08"
"66","2020","2008","1.71249797424599e-08"
"67","2002","26","1.05776989269088e-07"
"68","2029","2006","1.84652950650892e-08"
"69","1028","1009","1.22514339843165e-08"
"70","2011","1010","2.33619934375159e-08"
"71","2003","13","5.96714115341931e-08"
"72","1020","58","8.04019761929861e-08"
"73","1035","58","5.15304683287569e-08"
"74","2025","11","2.82467990119166e-08"
"75","1035","1009","2.33589273849601e-08"
"76","2010","50","5.78030081385394e-08"
"77","2007","1008","1.66470977458371e-08"
"78","2010","2002","6.430044881879e-08"
"79","2016","12","6.00292558397498e-08"
"80","2023","49","5.70692620048189e-08"
"81","1028","1013","1.40598757822216e-08"
"82","2014","12","4.5185545690015e-08"
"83","2021","1011","2.45359870827243e-08"
"84","1011","13","2.98477397406807e-08"
"85","2035","18","5.02501471517981e-08"
"86","2029","12","2.14881052568595e-08"
"87","2013","2003","3.06113033323429e-08"
"88","2026","2012","4.63331283101063e-08"
"89","2017","1021","5.51822193404841e-08"
"90","2011","13","3.62111214862488e-08"
"91","1033","1016","8.26632477948521e-08"
"92","2022","2015","1.9479455648284e-08"
"93","1006","52","1.3630551908492e-07"
"94","2006","51","9.05667162533648e-08"
"95","1030","10","3.24542565494274e-08"
"96","1030","51","3.20807020009697e-08"
"97","2006","52","1.5648219650775e-07"
"98","2002","53","7.95509796278121e-08"
"99","1028","1010","2.38037809021499e-08"
"100","2020","2003","6.04208039051137e-08"
"101","1028","1007","1.84333048186628e-08"
"102","2011","17","3.57777839502613e-08"
"103","49","18","1.21707128540842e-07"
"104","2033","2025","4.47780209922003e-08"
"105","2020","12","7.63631308689399e-08"
"106","2010","1011","3.41245828802939e-08"
"107","1003","51","6.61091376047108e-08"
"108","1030","54","4.48515166050494e-08"
"109","2031","2020","3.91610412907559e-08"
"110","2022","2013","2.70959909897089e-08"
"111","1030","1005","3.74864210283323e-08"
"112","2007","12","4.58381110371478e-08"
"113","2029","1007","2.43857090922397e-08"
"114","2015","2013","3.24299017173733e-08"
"115","2035","13","7.9862177786728e-08"
"116","2024","2013","2.98127238553752e-08"
"117","2008","1015","2.68619218641159e-08"
"118","1019","1014","8.55274957883906e-08"
"119","2011","1006","5.08455145675055e-08"
"120","2017","1002","1.09176820650703e-07"
"121","2007","1009","3.48252653925503e-08"
"122","2024","1022","2.78339780955145e-08"
"123","2033","2019","1.54625392691688e-07"
"124","53","13","1.53248161994018e-07"
"125","1024","1007","3.02801942057292e-08"
"126","2011","2003","4.62296770391981e-08"
"127","2028","1007","2.5577606403173e-08"
"128","2026","1012","7.72001226544957e-08"
"129","2010","2007","5.55529828296272e-08"
"130","1034","52","2.33879108576656e-07"
"131","2008","1013","3.02811620231521e-08"
"132","1033","49","1.41323361892063e-07"
"133","1016","52","2.00743834396326e-07"
"134","2008","1008","3.02788193510434e-08"
"135","1024","1020","5.0030435297801e-08"
"136","2014","53","9.70227396388337e-08"
"137","2013","1006","8.06778164285904e-08"
"138","1035","1005","8.59858373867869e-08"
"139","1024","52","6.41409706189531e-08"
"140","2035","2013","5.87771842906651e-08"
"141","2025","2006","7.94657809157542e-08"
"142","1015","49","7.82464363990693e-08"
"143","1033","10","1.81165705200344e-07"
"144","2020","1028","4.70813675673878e-08"
"145","2011","1025","4.79675596472029e-08"
"146","2009","53","8.38314532269415e-08"
"147","2035","2015","6.00478493069699e-08"
"148","54","13","4.41896406526185e-07"
"149","2035","26","1.45619479233602e-07"
"150","2020","1014","1.20421032768998e-07"
"151","2007","1025","5.48470410367085e-08"
"152","2025","58","1.06900986064091e-07"
"153","2035","2006","1.35913331312009e-07"
"154","2017","2011","7.91924230919275e-08"
"155","2006","1007","1.00757919304086e-07"
"156","1030","52","9.71016074663433e-08"
"157","2007","1021","9.0369914240309e-08"
"158","2011","2010","8.80439931406884e-08"
"159","2031","49","9.32513326921311e-08"
"160","2002","1017","2.21896759943641e-07"
"161","2003","1013","9.07213252071293e-08"
"162","2018","1020","1.69482258030248e-07"
"163","2016","2008","7.75405550598104e-08"
"164","2033","2011","1.09885884738765e-07"
"165","2014","10","1.65734662458036e-07"
"166","2024","13","1.06809810903503e-07"
"167","2021","2015","1.01569216762234e-07"
"168","2026","1023","2.46908709271082e-07"
"169","1029","51","7.85528723623948e-08"
"170","1016","53","2.40466589031594e-07"
"171","2022","2011","6.75157020709408e-08"
"172","2025","1007","7.85462316556283e-08"
"173","2014","49","1.87525593790235e-07"
"174","2009","2001","1.37149450275745e-07"
"175","2006","1010","3.11765128937526e-07"
"176","1028","1015","6.21042918049652e-08"
"177","2017","1010","2.26807528664483e-07"
"178","2008","1010","9.30537315161415e-08"
"179","2024","2012","9.21253053932235e-08"
"180","2029","13","1.04742650566717e-07"
"181","2006","49","3.92378475052133e-07"
"182","2008","1001","1.0936349352068e-07"
"183","2034","2008","1.1983752248203e-07"
"184","1030","1007","9.53285166015115e-08"
"185","1028","26","1.12428054160742e-07"
"186","2008","2006","1.20750544342012e-07"
"187","2030","2013","1.07499414331602e-07"
"188","2008","1016","1.21141541602895e-07"
"189","2025","2015","1.0624866065884e-07"
"190","2024","1013","9.87931475725664e-08"
"191","2011","1016","1.64886471869222e-07"
"192","1001","12","3.67855161136521e-07"
"193","2019","1012","2.38105944723347e-07"
"194","2035","11","2.39692248082919e-07"
"195","51","13","5.42102582095772e-07"
"196","2029","1016","1.37310199087747e-07"
"197","1024","49","1.57538806492586e-07"
"198","2010","1029","1.43211090888265e-07"
"199","2003","1003","3.00233118008025e-07"
"200","2002","1035","3.42505840646628e-07"
"201","1011","1010","1.82560710839214e-07"
"202","2007","2005","2.01945304063023e-07"
"203","2008","1011","1.10706774607495e-07"
"204","2005","1011","1.77207809157089e-07"
"205","1014","17","3.5442823468805e-07"
"206","2016","2011","2.28984477059178e-07"
"207","1029","1013","1.24936823104101e-07"
"208","2010","1013","2.41390367345199e-07"
"209","2005","1016","4.21445717037734e-07"
"210","2015","49","2.70761288364444e-07"
"211","1002","50","7.20560132804007e-07"
"212","2014","1002","4.9931910256321e-07"
"213","2010","1005","4.77856994091527e-07"
"214","1014","1006","5.53730861510714e-07"
"215","54","17","8.73113248773897e-07"
"216","2029","2024","1.51044480470559e-07"
"217","2027","2022","1.68249783756912e-07"
"218","2008","1030","1.73129607047184e-07"
"219","2023","2016","7.16740570930428e-07"
"220","2010","1034","8.59873700041872e-07"
"221","1010","1006","8.35841163321199e-07"
"222","2007","13","4.22246705350066e-07"
"223","2013","58","4.79537785951981e-07"
"224","2026","1020","7.89935358071148e-07"
"225","2035","1026","4.9826447788881e-07"
"226","2024","1007","2.19641643744759e-07"
"227","2013","12","3.87690107731029e-07"
"228","1024","50","2.9938393851658e-07"
"229","54","12","1.05994675639574e-06"
"230","1028","1019","2.56425976804432e-07"
"231","1027","1015","2.15344217310509e-07"
"232","2007","1016","3.97068835917066e-07"
"233","2030","2021","3.63067794212353e-07"
"234","2035","12","5.03138125043534e-07"
"235","2010","1016","8.36387390001281e-07"
"236","1033","53","8.85255263808535e-07"
"237","2007","1006","4.47303655159158e-07"
"238","2024","1011","2.21152821538532e-07"
"239","1013","18","4.92061897271963e-07"
"240","2011","1029","2.11013246889153e-07"
"241","2028","2015","2.03958439868014e-07"
"242","2032","2020","1.12552468481226e-06"
"243","1011","53","3.7126595813049e-07"
"244","2029","1022","2.12783246229563e-07"
"245","2024","12","3.864391560605e-07"
"246","1017","1014","6.91148496728218e-07"
"247","2023","1014","6.8175929811877e-07"
"248","2014","1020","6.67242843949683e-07"
"249","2025","17","4.55086270545034e-07"
"250","2002","1020","1.02802819498619e-06"
"251","2016","1010","9.96205598472358e-07"
"252","2012","1012","4.61401753418652e-07"
"253","2014","2002","7.99454483517315e-07"
"254","1025","11","4.90364321065784e-07"
"255","1005","17","7.88132353612023e-07"
"256","2016","52","1.63100391022049e-06"
"257","1013","1008","3.15051469657522e-07"
"258","1033","1011","4.6940399562178e-07"
"259","2010","1030","4.93057898660851e-07"
"260","2010","12","1.08854797391617e-06"
"261","2005","51","9.05280044091799e-07"
"262","1018","1001","9.71701360645542e-07"
"263","2011","12","5.17310380630542e-07"
"264","2021","12","1.00855304511802e-06"
"265","1034","49","1.54841579628719e-06"
"266","2003","1011","4.7136175966085e-07"
"267","2011","1005","5.20288567116974e-07"
"268","2029","2001","4.44189425356188e-07"
"269","49","26","2.29577065801074e-06"
"270","2026","1027","5.08469208195313e-07"
"271","2011","52","7.13802383485461e-07"
"272","1021","1006","1.47462945196936e-06"
"273","2031","52","7.70979685662387e-07"
"274","2005","54","1.4558987849008e-06"
"275","2027","10","5.28184828206321e-07"
"276","2008","1034","5.64728949523062e-07"
"277","2026","12","1.67245222607084e-06"
"278","1034","1001","2.05125715391011e-06"
"279","2030","49","7.70107524678775e-07"
"280","1009","10","8.11343665115242e-07"
"281","2017","52","1.98733313634909e-06"
"282","1022","1011","4.17327003298953e-07"
"283","2020","2014","1.12983309643042e-06"
"284","2024","2019","7.16952934631547e-07"
"285","2012","1020","1.06908014067782e-06"
"286","2025","2014","7.15582649241496e-07"
"287","51","17","1.68771953740291e-06"
"288","2018","1018","1.26652726695817e-06"
"289","2025","1022","5.25215427817004e-07"
"290","52","13","5.31389497947718e-06"
"291","2016","10","2.2520640926299e-06"
"292","2032","50","3.11575520840426e-06"
"293","2024","2015","6.0809769220883e-07"
"294","2016","1007","1.06736094089336e-06"
"295","2030","53","1.02759909513334e-06"
"296","2025","2009","7.68242751336345e-07"
"297","18","11","3.79796726059559e-06"
"298","2033","2029","8.89123145209128e-07"
"299","1023","50","2.55856005187895e-06"
"300","1016","1001","2.94134846251301e-06"
"301","2026","53","2.790601462614e-06"
"302","2006","1013","1.51925643605085e-06"
"303","1016","1015","1.45414499444837e-06"
"304","2015","52","1.55283667163375e-06"
"305","2003","1027","9.54765694991651e-07"
"306","2011","2006","1.422020582485e-06"
"307","2007","10","1.43508079916961e-06"
"308","58","18","9.68812571748629e-06"
"309","2018","1027","1.02964258367958e-06"
"310","1022","1008","7.93460687722245e-07"
"311","1009","17","1.50816553730138e-06"
"312","1010","54","4.08744096294273e-06"
"313","2035","2021","1.84753359282004e-06"
"314","2020","2015","1.43266986923847e-06"
"315","2022","1022","8.11821050623431e-07"
"316","1011","51","1.27610384642898e-06"
"317","52","17","4.4300446344305e-06"
"318","2005","53","2.45208428869269e-06"
"319","1029","53","1.09732885582249e-06"
"320","2015","53","1.54770711540151e-06"
"321","1011","49","1.37626897048689e-06"
"322","51","11","3.59996620045916e-06"
"323","2003","1007","1.49677380012489e-06"
"324","1016","49","3.83207669728391e-06"
"325","2002","1014","2.91167034252277e-06"
"326","2010","17","3.4261190683099e-06"
"327","2003","52","4.13677490115265e-06"
"328","1017","50","3.72598751910721e-06"
"329","1018","51","2.96639111650676e-06"
"330","1026","1020","3.65106449944551e-06"
"331","26","18","1.28415247352986e-05"
"332","2026","13","7.32924028293858e-06"
"333","2010","2006","5.10625874318191e-06"
"334","2029","2013","1.04209825904208e-06"
"335","1020","50","3.9665205547023e-06"
"336","2016","1025","2.01062473722638e-06"
"337","2022","17","1.68741504727747e-06"
"338","1005","53","3.3248875171363e-06"
"339","2013","10","2.26888363812924e-06"
"340","2028","1035","1.16413656240723e-06"
"341","1029","17","1.50653109541896e-06"
"342","2021","54","5.36023075665206e-06"
"343","1027","49","1.6910640247746e-06"
"344","1030","49","2.13371238939351e-06"
"345","2008","12","1.65398503889718e-06"
"346","2010","13","6.96082262372637e-06"
"347","1034","12","5.8306378593222e-06"
"348","1030","1016","2.29607383629091e-06"
"349","2031","2018","2.20971635459414e-06"
"350","1035","1008","1.79642620599436e-06"
"351","1034","1016","6.80538858744213e-06"
"352","2025","1024","1.39882306485978e-06"
"353","2035","2028","1.3655971316196e-06"
"354","2028","2019","1.69274914760727e-06"
"355","2030","54","3.12840317868376e-06"
"356","2017","17","5.2869525771419e-06"
"357","2017","51","5.44458967023513e-06"
"358","2029","1013","1.54305383571688e-06"
"359","2021","1010","5.53448966523009e-06"
"360","2017","54","7.65873530793913e-06"
"361","1016","12","6.66735699398561e-06"
"362","2016","1016","7.33208742219889e-06"
"363","2020","2001","6.21013707602839e-06"
"364","2035","1012","3.06375237474317e-06"
"365","2011","10","3.14122044282015e-06"
"366","2007","52","3.95941886383357e-06"
"367","2023","53","6.25936372433216e-06"
"368","1017","1002","8.00930787808049e-06"
"369","1010","51","6.93473990973547e-06"
"370","2016","51","7.64756177155503e-06"
"371","2022","2020","2.86405401545227e-06"
"372","2035","53","4.49182802314676e-06"
"373","1003","10","5.83264182973745e-06"
"374","2010","54","9.93701442308868e-06"
"375","2013","52","4.5483644745444e-06"
"376","1021","49","7.23605882554829e-06"
"377","2010","2008","2.65746633719358e-06"
"378","2023","1024","2.90973192487637e-06"
"379","2025","2001","3.81279870267328e-06"
"380","1015","17","4.06841793063065e-06"
"381","2022","2018","3.16528038354991e-06"
"382","2028","2022","1.73660575488222e-06"
"383","1035","1025","3.2357310411532e-06"
"384","2021","1016","7.93850190237355e-06"
"385","2035","10","5.55623154893747e-06"
"386","2026","2023","9.30128624891383e-06"
"387","1015","1010","4.36545464866044e-06"
"388","2029","10","2.9721415265242e-06"
"389","2025","12","4.15744584363089e-06"
"390","2022","2003","3.34333122780615e-06"
"391","2029","1017","3.00883841335828e-06"
"392","2028","1017","2.7270611433322e-06"
"393","1007","49","4.5301596255434e-06"
"394","1027","13","3.8681301578784e-06"
"395","2028","1019","2.94953266898497e-06"
"396","2011","1013","2.96258368344219e-06"
"397","2024","2020","3.88152441728696e-06"
"398","1010","1001","1.03420067346727e-05"
"399","1016","13","1.65263144749006e-05"
"400","1001","17","1.06955102678553e-05"
"401","2008","2005","3.44446902997307e-06"
"402","1016","18","1.66238669386069e-05"
"403","1018","10","8.90765372042977e-06"
"404","1030","17","4.81292083524866e-06"
"405","2008","13","4.38195231726617e-06"
"406","1005","49","9.1423913418186e-06"
"407","2018","49","1.00843727902003e-05"
"408","2026","49","1.37814515164057e-05"
"409","2028","1023","3.51883298098429e-06"
"410","2022","2001","4.84248936430083e-06"
"411","1025","26","6.85836494690662e-06"
"412","1013","52","7.0946231886148e-06"
"413","2008","54","4.75644860099939e-06"
"414","58","13","4.6897467094348e-05"
"415","1016","1005","1.05122929848424e-05"
"416","1010","12","1.20713746726037e-05"
"417","1028","13","4.51661491700885e-06"
"418","1007","1005","5.66681902198193e-06"
"419","2011","1021","5.81949156870057e-06"
"420","1035","1015","5.63376277213428e-06"
"421","1013","49","6.80222347309447e-06"
"422","1034","1010","1.61634218064367e-05"
"423","2021","1029","4.50258467463483e-06"
"424","17","13","2.05054311624017e-05"
"425","1003","50","1.16065195341901e-05"
"426","2010","1008","6.05068586552491e-06"
"427","2002","1026","1.79834937643258e-05"
"428","1007","51","7.35775726352421e-06"
"429","2020","49","1.45590475790505e-05"
"430","1021","51","1.43773132081358e-05"
"431","1010","52","2.20919398950994e-05"
"432","52","12","2.23452640783856e-05"
"433","1027","1009","4.33546675937486e-06"
"434","2035","2007","6.1663197509959e-06"
"435","2025","1017","7.68766816070978e-06"
"436","1025","1009","5.28665775984278e-06"
"437","1028","50","5.32723447763976e-06"
"438","2032","2012","1.33954045794761e-05"
"439","2007","49","8.41873797809209e-06"
"440","1027","50","6.40974426688585e-06"
"441","2013","1011","5.06926655129834e-06"
"442","1002","11","2.28673163936112e-05"
"443","1018","50","1.44353574789531e-05"
"444","2022","1017","7.03431356610676e-06"
"445","2024","1017","7.22561561124608e-06"
"446","2003","12","1.42512730634593e-05"
"447","2029","1008","4.07271166653156e-06"
"448","54","52","4.63738157692081e-05"
"449","2027","12","6.74824572462985e-06"
"450","2003","1028","5.52974146806345e-06"
"451","2016","1013","9.69348084996228e-06"
"452","2027","1028","3.90883248029007e-06"
"453","1018","1015","9.16320354551643e-06"
"454","1034","17","2.39729956675661e-05"
"455","2035","49","1.35095263468461e-05"
"456","2010","10","2.12141643112271e-05"
"457","2026","2025","1.08211666887013e-05"
"458","2014","1019","1.74649826978424e-05"
"459","2012","11","1.49093794548026e-05"
"460","2028","1002","7.06053833203729e-06"
"461","1013","51","1.09971406710271e-05"
"462","1011","17","9.01531222533026e-06"
"463","2016","2009","1.26737543966164e-05"
"464","1007","53","1.08868696993929e-05"
"465","1035","1013","9.48568847395055e-06"
"466","1010","13","3.38766039967694e-05"
"467","2014","26","2.47460714223208e-05"
"468","2009","54","1.57967931117249e-05"
"469","1029","1001","8.7190453999589e-06"
"470","2029","53","8.31015259343469e-06"
"471","2002","1028","8.1758765266814e-06"
"472","2001","52","3.87084769520095e-05"
"473","1029","1024","5.68257859395145e-06"
"474","51","12","2.59507431216637e-05"
"475","53","52","3.6911241911979e-05"
"476","2013","1021","1.34335300092617e-05"
"477","2020","1012","1.63394215033924e-05"
"478","58","12","4.45356180362817e-05"
"479","1013","1006","1.50555003516969e-05"
"480","2034","2025","1.53689796267994e-05"
"481","1025","18","1.55787211719601e-05"
"482","49","13","4.45489294177508e-05"
"483","1014","49","2.19138874001342e-05"
"484","1027","51","1.07948602449129e-05"
"485","54","10","4.3606569428809e-05"
"486","1028","49","9.6661442147026e-06"
"487","1030","1010","1.36393801325905e-05"
"488","2027","2008","6.85949037320596e-06"
"489","2026","1028","1.0276954588731e-05"
"490","1006","10","3.96678537364843e-05"
"491","1025","1007","1.02398373980649e-05"
"492","2022","11","1.41566384133592e-05"
"493","1035","1011","1.16990539968857e-05"
"494","2021","2010","2.98976569932293e-05"
"495","2027","2015","9.07623408768689e-06"
"496","1020","1014","2.48993882216532e-05"
"497","2008","10","1.24988023878752e-05"
"498","2030","2025","1.13636793272136e-05"
"499","2030","2007","1.167158556305e-05"
"500","2026","1002","5.16419662840763e-05"
"501","2005","49","3.05069891710619e-05"
"502","2022","50","1.56889480995667e-05"
"503","2034","2029","1.40352962683301e-05"
"504","1035","50","2.71884055111313e-05"
"505","1021","1010","3.48108725185292e-05"
"506","2035","2008","1.13708021786404e-05"
"507","1023","11","4.12775953589982e-05"
"508","1021","53","3.54907925414604e-05"
"509","2025","1013","1.31815433392311e-05"
"510","1019","13","7.83525357948416e-05"
"511","1025","54","2.2822161914241e-05"
"512","2019","2014","3.37003219988116e-05"
"513","2013","17","2.17459740879628e-05"
"514","2008","53","1.48857538274426e-05"
"515","2027","2024","1.07369323497567e-05"
"516","1018","1009","1.99097177196886e-05"
"517","2013","2006","2.59811246156178e-05"
"518","2012","1014","2.3642320287178e-05"
"519","2025","1008","1.28094481451036e-05"
"520","2029","1024","9.83867661275687e-06"
"521","1030","1011","1.23240883626955e-05"
"522","2024","54","2.16269031298321e-05"
"523","1031","12","2.18207514864181e-05"
"524","2025","50","2.30230197402007e-05"
"525","2034","2018","5.31747407770636e-05"
"526","1011","52","2.26762228082099e-05"
"527","2025","1023","2.32734342255942e-05"
"528","1016","1011","2.07492845133641e-05"
"529","1024","11","1.98860803785278e-05"
"530","2020","1027","1.80272606977636e-05"
"531","1022","1009","1.50641049764713e-05"
"532","2031","2028","1.16938362754895e-05"
"533","2014","1012","2.71215394940452e-05"
"534","2035","2025","2.00048837095109e-05"
"535","1014","10","4.13458720668368e-05"
"536","2010","52","7.69365983449001e-05"
"537","2013","1025","1.77708823239285e-05"
"538","2021","1025","2.46970429712507e-05"
"539","1025","53","2.56159274369914e-05"
"540","1010","53","5.3284308488657e-05"
"541","1005","10","4.80476211478222e-05"
"542","1035","10","4.13853715066505e-05"
"543","2011","1011","1.61424894701758e-05"
"544","2010","51","5.7756729527323e-05"
"545","1005","18","6.40227200163938e-05"
"546","1009","12","3.08861882046033e-05"
"547","2024","2008","1.46351845678288e-05"
"548","2011","1007","1.95451209975003e-05"
"549","2033","53","7.470230828988e-05"
"550","2019","11","7.75554408416637e-05"
"551","1025","1024","1.75361058207975e-05"
"552","1021","1016","6.38784133613878e-05"
"553","1029","49","2.26494156434085e-05"
"554","2031","2003","2.80801815679748e-05"
"555","1011","10","2.76840694567899e-05"
"556","1020","10","6.53964998145972e-05"
"557","1025","17","3.18242567590147e-05"
"558","1029","1021","2.27237609603849e-05"
"559","1035","11","4.99194499556563e-05"
"560","1034","1008","3.12255631867805e-05"
"561","2026","10","8.21363628709253e-05"
"562","1025","1001","3.45636124585378e-05"
"563","1033","1021","7.50742061035116e-05"
"564","2003","1024","2.61843346264847e-05"
"565","1008","10","3.11379071160412e-05"
"566","50","10","7.9948150456031e-05"
"567","49","11","8.38704354976545e-05"
"568","1010","49","7.49805932416737e-05"
"569","2030","2011","2.33389329966798e-05"
"570","2011","54","4.00300238417697e-05"
"571","1007","18","4.36958328071012e-05"
"572","1025","51","3.68683515192529e-05"
"573","1014","13","7.94344729585678e-05"
"574","1011","18","3.68846697346403e-05"
"575","50","17","8.02109125639384e-05"
"576","1035","1003","4.70643371892746e-05"
"577","1029","1009","2.12647944792415e-05"
"578","2026","2017","8.31608137892998e-05"
"579","1029","1016","2.95287135871639e-05"
"580","2013","1016","4.50003788204292e-05"
"581","1008","17","3.53672845864332e-05"
"582","2028","2025","1.99219747691654e-05"
"583","1015","12","4.40565111298645e-05"
"584","1019","11","0.000113269117509227"
"585","1007","10","4.39730920734396e-05"
"586","53","50","8.96527173582803e-05"
"587","2018","2008","3.0464376927448e-05"
"588","53","10","9.02806055633968e-05"
"589","2020","1018","7.0825363435061e-05"
"590","1029","18","3.60172888811206e-05"
"591","17","11","9.96389652103757e-05"
"592","1011","1006","4.18715937737006e-05"
"593","51","10","9.83309540400157e-05"
"594","2029","2009","2.52930089854359e-05"
"595","1035","1001","7.01953806304118e-05"
"596","1031","1009","3.10822315680624e-05"
"597","1013","53","4.68826668432579e-05"
"598","2018","2015","4.49903976866008e-05"
"599","1026","1023","0.000103098373734769"
"600","2022","10","4.29208471023474e-05"
"601","1003","1001","8.60507477211679e-05"
"602","2025","2007","3.35683327930274e-05"
"603","2012","53","6.5628994847577e-05"
"604","1010","1008","4.32745333193028e-05"
"605","1025","52","6.09576415373227e-05"
"606","2014","1028","3.09131507682335e-05"
"607","2025","54","6.36804951320156e-05"
"608","2016","54","0.000174362147449845"
"609","1024","13","5.12280760428088e-05"
"610","1027","1024","2.70394112582253e-05"
"611","1012","10","7.52101816935654e-05"
"612","1029","1015","3.01887196614821e-05"
"613","1025","1015","3.98389807483646e-05"
"614","1024","1008","3.09281071218343e-05"
"615","2029","54","4.65426016091716e-05"
"616","1019","10","0.000153467707061837"
"617","1003","12","9.89408542299925e-05"
"618","2023","58","0.000203755791431949"
"619","1028","1012","3.47826573553657e-05"
"620","2011","53","5.92141775803244e-05"
"621","1005","12","0.000104664274938613"
"622","2029","1010","4.44910811655722e-05"
"623","1033","1019","0.000183803659103802"
"624","1016","1009","7.15050203788625e-05"
"625","2028","1026","4.29315688706869e-05"
"626","2035","50","9.13553188747278e-05"
"627","2022","2008","3.26205743856427e-05"
"628","1026","58","0.00026531740426085"
"629","1026","1025","6.961933885243e-05"
"630","2005","1010","0.000112633537519795"
"631","58","26","0.000753373957916408"
"632","2030","2029","3.62259089032622e-05"
"633","2029","2015","3.63701955939187e-05"
"634","26","10","0.000262930947517564"
"635","1012","50","9.873879884189e-05"
"636","2013","1005","7.01697153749719e-05"
"637","1005","13","0.000167794540308862"
"638","2034","51","0.00020578020144868"
"639","2030","2009","5.48552251299754e-05"
"640","1015","1013","5.38190692184616e-05"
"641","1022","1001","6.88554643657995e-05"
"642","1013","1009","5.36668478537743e-05"
"643","2035","2029","4.60717456458837e-05"
"644","2022","54","7.63723686055266e-05"
"645","2015","2003","7.20496612128466e-05"
"646","1021","1009","8.23309249035086e-05"
"647","1007","52","9.82767846067383e-05"
"648","1035","1029","5.17126060305663e-05"
"649","1030","18","9.03654420235616e-05"
"650","2019","2018","0.000169513673119503"
"651","2017","2002","0.000180048174466642"
"652","2008","49","6.41753553290691e-05"
"653","2025","1021","8.71685814718762e-05"
"654","2017","1029","6.17738846385486e-05"
"655","2025","2016","9.42685105369069e-05"
"656","1021","1015","9.40919306789599e-05"
"657","1029","1010","6.48475823461211e-05"
"658","58","11","0.000372479030207613"
"659","1026","50","0.000211235599781265"
"660","1022","1015","5.78264441259738e-05"
"661","1009","1006","0.000109783169524244"
"662","2003","11","0.000179408613279955"
"663","2029","52","7.67982286586757e-05"
"664","1028","1020","6.24991643188801e-05"
"665","1012","13","0.000163852096033786"
"666","2027","1020","7.3797409034248e-05"
"667","2021","49","0.000189864661338354"
"668","58","53","0.000325625421739198"
"669","2028","1018","6.0126672171836e-05"
"670","1016","1008","9.08144570362163e-05"
"671","2009","2008","5.85062658904578e-05"
"672","2007","1013","7.17182895376978e-05"
"673","2020","1035","0.000146193242000148"
"674","2007","1011","6.43450241393189e-05"
"675","1021","17","0.000204748105480281"
"676","2024","1028","4.9989802531892e-05"
"677","2021","2007","0.00010715097516444"
"678","1020","11","0.000235715826752137"
"679","2020","11","0.000233263612735949"
"680","2025","1029","5.91400215886944e-05"
"681","2029","2017","7.65847080284806e-05"
"682","2012","49","0.000157756371567431"
"683","2026","26","0.000507577428508375"
"684","2028","1020","7.19012523543987e-05"
"685","2035","2003","0.000136392790270964"
"686","2007","1007","7.82724855624635e-05"
"687","2003","10","0.00021548653972262"
"688","1003","11","0.00021569719746045"
"689","2002","1023","0.000290095307051088"
"690","2026","11","0.00033146998809825"
"691","2014","1032","0.000261698812886454"
"692","49","12","0.000269287432717652"
"693","2025","2002","0.000137679025864662"
"694","2028","1003","7.61742125283104e-05"
"695","2021","1005","0.000199384339504826"
"696","1030","1009","8.55076839645607e-05"
"697","58","52","0.0010141018851406"
"698","49","17","0.00028069079353226"
"699","2003","2001","0.0002394630101565"
"700","2029","2010","9.49550006489628e-05"
"701","2029","1025","7.09181886682057e-05"
"702","1035","1021","0.000192599097848567"
"703","1031","1003","0.000123053991788953"
"704","1028","51","9.26804141360296e-05"
"705","2023","50","0.000294424613819373"
"706","1025","1011","8.42386592901338e-05"
"707","1025","49","0.000144933704966163"
"708","1029","1007","7.61797663440886e-05"
"709","2017","1022","0.000120409502139722"
"710","2023","1025","0.000141630357045478"
"711","2021","53","0.000265515269964518"
"712","2013","1007","0.000104931196529184"
"713","2035","2011","0.000114617879561319"
"714","2012","2006","0.000241122631579878"
"715","2028","1024","6.70555080075382e-05"
"716","1034","1025","0.000172158407908518"
"717","2028","2020","9.88131813304211e-05"
"718","2027","2001","0.000124024123004091"
"719","2035","2001","0.000220572266123509"
"720","1016","10","0.000375498797642975"
"721","2024","10","0.000145658088988746"
"722","2024","2001","0.000146449777127308"
"723","1011","12","0.000141116123705168"
"724","1025","1008","9.99149681507617e-05"
"725","2017","1023","0.000303617709871556"
"726","2023","1017","0.000326753774904434"
"727","1027","10","0.000132040987329682"
"728","2012","52","0.000289755828458096"
"729","2028","12","0.000108042579397442"
"730","2028","2008","7.21743337630414e-05"
"731","2025","2011","0.00011464370017132"
"732","2014","11","0.00029916771059164"
"733","1017","10","0.000391066258506612"
"734","53","17","0.000362433606941585"
"735","2010","2005","0.000308156732868726"
"736","2027","1012","0.000119868576170678"
"737","2002","58","0.00085294424222366"
"738","2025","1005","0.000170866719662671"
"739","1025","1016","0.000195157583446102"
"740","2022","49","0.000168790002545332"
"741","1025","1014","0.000167806943011252"
"742","2031","2024","0.000116416318003537"
"743","2028","2018","0.000120867527096977"
"744","1009","1003","0.000188181743613294"
"745","2019","50","0.000490919083977748"
"746","2018","11","0.000403333754020463"
"747","2027","1027","9.73040380350733e-05"
"748","1012","17","0.000267147811504067"
"749","2029","1029","8.81649726267564e-05"
"750","2035","52","0.00034943433230696"
"751","2001","51","0.000456202048055494"
"752","1022","11","0.000192838950090336"
"753","1023","1014","0.000328597219133695"
"754","1025","1002","0.000234585089399904"
"755","2025","52","0.00026098275225118"
"756","52","10","0.000713483491405405"
"757","2011","49","0.000217313343519265"
"758","2025","53","0.000220477725497839"
"759","2008","52","0.000190979039216834"
"760","2018","2012","0.000285200066660616"
"761","2005","1025","0.000207413299083277"
"762","2010","1025","0.000232168795550294"
"763","1021","18","0.00063153539860023"
"764","58","10","0.000884421890517999"
"765","2015","51","0.000249406117440179"
"766","1030","1025","0.000157921020547485"
"767","2013","1010","0.00026845590725954"
"768","2029","1021","0.00017455405956673"
"769","53","12","0.000495749425762779"
"770","2031","51","0.000249006964498749"
"771","1033","17","0.000591698802217885"
"772","1030","1013","0.00016476686452651"
"773","1014","18","0.000517825441179314"
"774","1008","1007","0.000157452662423248"
"775","1008","13","0.000268985688623731"
"776","2009","51","0.000305740901594251"
"777","1029","13","0.000220200808351516"
"778","2028","2012","0.000153078469241337"
"779","2002","50","0.000707470368188375"
"780","1008","1005","0.000224028651822501"
"781","2023","1028","0.000183589603752451"
"782","1014","1002","0.000524006035204346"
"783","1030","1019","0.000297784392300644"
"784","2032","2028","0.000207549242255643"
"785","1023","26","0.00098694541655185"
"786","1030","1018","0.000257410829270935"
"787","1013","10","0.000322606487877119"
"788","2021","1021","0.000548996224615354"
"789","1034","1029","0.00025033312649888"
"790","1029","10","0.000240032694539189"
"791","17","12","0.000668421141703332"
"792","50","26","0.00124887859662657"
"793","2014","1027","0.000233634514880555"
"794","1015","1003","0.000323789892327738"
"795","2029","1005","0.000224864038000062"
"796","1008","12","0.00030033239164165"
"797","2003","50","0.000624621926290864"
"798","2035","2026","0.000519231568723437"
"799","1025","13","0.00042154952288563"
"800","2029","2007","0.000187386281207803"
"801","1008","1003","0.0002822586751779"
"802","2031","2015","0.000239853389993773"
"803","1033","1013","0.00041278915569308"
"804","2027","1018","0.000267206827883189"
"805","53","51","0.000758558507042513"
"806","2025","2022","0.000226683930716046"
"807","18","13","0.0021241240884669"
"808","2005","1021","0.000620815692352818"
"809","1030","1029","0.000200207707697283"
"810","1021","10","0.000799108098665693"
"811","2028","10","0.000259458105133057"
"812","2013","49","0.00044478982208503"
"813","1024","12","0.000325936625889932"
"814","1031","1024","0.000229849949042687"
"815","1018","1012","0.000468080371471197"
"816","1035","1006","0.000673122442192652"
"817","1035","1019","0.000661034776119572"
"818","2017","10","0.000801959190391432"
"819","2029","49","0.000300149350463844"
"820","2019","51","0.000974972523957831"
"821","1002","26","0.00206189840017092"
"822","1020","12","0.000833742164663624"
"823","1035","1028","0.000252839350029528"
"824","2022","52","0.000432921666797437"
"825","2024","50","0.000396227349743556"
"826","2028","11","0.000297593061580587"
"827","1032","1012","0.000772836611294601"
"828","2028","1014","0.000268371621147737"
"829","1030","1012","0.000353851270386649"
"830","1026","11","0.00117913424386231"
"831","2024","52","0.000499970744484282"
"832","2017","1028","0.000327388921733054"
"833","1030","1008","0.000305244712115022"
"834","1021","1007","0.000522088841837935"
"835","2021","51","0.000996173165640809"
"836","2005","1029","0.0003550591083729"
"837","2014","51","0.00083993021128922"
"838","2024","1024","0.000291129490676524"
"839","2011","51","0.000531903896812467"
"840","2030","2008","0.000303782895349378"
"841","2021","1013","0.000558668209128549"
"842","2018","2001","0.00108405611427839"
"843","1028","1025","0.000282355778885364"
"844","1029","1017","0.000413290882528524"
"845","2025","2008","0.000320159268346777"
"846","1014","58","0.00137155663224566"
"847","1025","12","0.000596897919167546"
"848","2028","1027","0.000255417983948763"
"849","2020","1020","0.00111090208119202"
"850","2029","2021","0.000414679878767544"
"851","2027","49","0.000480702798512386"
"852","2007","51","0.000632063916453473"
"853","2003","49","0.00111734204728928"
"854","2023","1002","0.00149107538398665"
"855","1033","1012","0.000913784158589332"
"856","2008","2003","0.000442052762288373"
"857","1022","13","0.000659419405932995"
"858","58","49","0.00255104065937141"
"859","1016","1010","0.00147335107653592"
"860","2024","11","0.000622466270767174"
"861","2008","2007","0.000373353393665593"
"862","2017","11","0.00140590658261925"
"863","1032","1014","0.00148740895432599"
"864","2025","10","0.000722501367550473"
"865","2035","58","0.0012921693249746"
"866","2010","1023","0.0014302087551567"
"867","2025","1010","0.000718893418325693"
"868","1019","12","0.0017196867774982"
"869","2035","2014","0.000812203614102239"
"870","1024","1001","0.000626039039463843"
"871","2017","50","0.00148346995117116"
"872","26","12","0.00258017546506094"
"873","1025","1022","0.000466470830313977"
"874","1013","12","0.000799738927360781"
"875","2012","58","0.00149813745814442"
"876","1024","1015","0.000489106443712194"
"877","2023","1010","0.00159588537213087"
"878","1019","1018","0.00157204433257732"
"879","58","51","0.00290888382779877"
"880","1014","50","0.00135235856777739"
"881","1012","18","0.00136762787540836"
"882","1006","12","0.00207561357536319"
"883","2035","1014","0.000942848871763713"
"884","2003","51","0.0015013331068577"
"885","1010","1005","0.00147154905945512"
"886","1027","12","0.000687826210018355"
"887","2024","51","0.000790155770305712"
"888","1027","1014","0.000632291152296339"
"889","2028","1012","0.000504577677200271"
"890","1028","11","0.000626731344368009"
"891","1017","11","0.0020814047780891"
"892","54","49","0.00291655018262915"
"893","1024","1009","0.000570042067987401"
"894","2025","51","0.000989660210951101"
"895","2027","11","0.000782485701689766"
"896","2017","1024","0.000773513633590954"
"897","2027","51","0.00078568032408701"
"898","2010","49","0.0021716481186077"
"899","2018","50","0.00198877149501266"
"900","2020","50","0.00210988447539313"
"901","2025","49","0.00108752141879714"
"902","2033","51","0.00280492763366934"
"903","1035","1020","0.0015923105708578"
"904","2030","2020","0.00112536035161248"
"905","1030","12","0.0010811009050642"
"906","1028","1018","0.000733481561293565"
"907","2035","2033","0.00189959718732103"
"908","1009","1001","0.0014197958370528"
"909","2029","51","0.000938310064684248"
"910","2008","51","0.000981052736941852"
"911","1021","12","0.00253508542264263"
"912","1030","1021","0.00123006828429374"
"913","1035","1033","0.00218226392859337"
"914","2027","2014","0.000935642775715132"
"915","1012","1006","0.0020476011903143"
"916","1007","12","0.00140907602828223"
"917","1032","1027","0.00124139830501891"
"918","18","10","0.00435480998503947"
"919","1018","11","0.00257583365481228"
"920","51","49","0.00309979483518642"
"921","1010","10","0.00306039624916608"
"922","2032","2027","0.00128274395306442"
"923","1025","10","0.00154367516783457"
"924","2033","2015","0.0017527439701069"
"925","26","11","0.00643546359276431"
"926","2020","51","0.0031412195763023"
"927","1009","1008","0.00100788647727943"
"928","2024","49","0.00144371462015508"
"929","2013","51","0.00177244125147539"
"930","26","13","0.0128711916051207"
"931","2016","49","0.0038493010981731"
"932","2017","1025","0.00157385391814548"
"933","2030","2012","0.00135821781280604"
"934","1012","11","0.00238030674304603"
"935","2028","51","0.00109338345043175"
"936","1015","1007","0.00120973497897536"
"937","1025","1021","0.00166356058191732"
"938","1032","1028","0.00128552072504251"
"939","1033","12","0.00410813593855219"
"940","1033","1006","0.00524802456927217"
"941","1022","12","0.00152684455214911"
"942","1024","1017","0.00146192355654006"
"943","1013","17","0.00186462898497664"
"944","2015","2007","0.00123172144580672"
"945","2018","51","0.00343189822288021"
"946","2016","2010","0.0041121928792864"
"947","2030","2019","0.0020344279786212"
"948","2017","49","0.00372582590516605"
"949","2035","2019","0.00276270004644257"
"950","1023","1002","0.00479916339624247"
"951","1027","11","0.0016214694197487"
"952","2025","2021","0.00199039197355405"
"953","2034","2024","0.00204322126744427"
"954","2013","53","0.00222975440187049"
"955","2002","1002","0.00626315509305302"
"956","58","50","0.00813095729632234"
"957","2007","54","0.00258803466225522"
"958","1026","1002","0.0058555161620324"
"959","2028","50","0.00143135335183086"
"960","1033","1015","0.00260219970687733"
"961","2012","54","0.00378431969134409"
"962","1028","1014","0.00135935328576507"
"963","2016","2006","0.0067494112266592"
"964","2022","51","0.00203676872830573"
"965","2026","50","0.00598343229171157"
"966","1029","12","0.0017011689255755"
"967","1028","12","0.00159233147718347"
"968","2033","2012","0.00381677177758978"
"969","1026","26","0.00968510242785569"
"970","2010","53","0.00497626015001052"
"971","2035","2020","0.00327134322793675"
"972","1033","1030","0.0025816307531888"
"973","1018","12","0.004284823160639"
"974","2028","2017","0.00164407234947839"
"975","1007","17","0.00285839883448277"
"976","1012","26","0.00516744383794358"
"977","2028","49","0.00192010656866649"
"978","1027","1012","0.00193255505907018"
"979","2024","2017","0.00251832752111923"
"980","1025","1017","0.00304108171929823"
"981","1024","10","0.00256314842013109"
"982","2030","51","0.00316550824104033"
"983","2017","1017","0.00577303634664183"
"984","2031","2029","0.00161941318760843"
"985","1031","1001","0.00327638733235736"
"986","1014","12","0.00496355799057633"
"987","1028","1024","0.00143926320874663"
"988","1016","1006","0.00895169514563125"
"989","1010","17","0.00652624331071824"
"990","2026","58","0.0152302435457159"
"991","1022","10","0.00302504689711538"
"992","2005","1013","0.003186545349606"
"993","2023","2002","0.00787395547301813"
"994","2033","2006","0.0127599859734747"
"995","1011","1005","0.00273272316613273"
"996","1028","10","0.0023271801846833"
"997","2033","2007","0.00415660193997496"
"998","2012","50","0.00510602548821752"
"999","2026","2002","0.0103691101280073"
"1000","2027","2003","0.00266714854287788"
"1001","1028","1017","0.00243566061045012"
"1002","2022","2017","0.00305978450758797"
"1003","2027","2012","0.00241368112469576"
"1004","1033","18","0.0136383392030556"
"1005","2014","1026","0.00612480952667554"
"1006","1031","1015","0.0026181316987468"
"1007","1033","1007","0.00420268441515465"
"1008","12","10","0.00826263563972324"
"1009","2035","2031","0.00305663997260318"
"1010","1020","1012","0.00503982396476457"
"1011","1034","1024","0.00348461408424528"
"1012","2025","2023","0.00393228692084025"
"1013","52","49","0.01288136539786"
"1014","49","10","0.00898216345727216"
"1015","2034","2031","0.00450145590411938"
"1016","1022","1017","0.00350236163542575"
"1017","2009","2006","0.00555074114899531"
"1018","2033","54","0.0178384919758712"
"1019","2026","1014","0.00775146431654523"
"1020","1027","1018","0.00319868086787456"
"1021","2028","2024","0.00201929276125919"
"1022","1027","1019","0.00370696445011917"
"1023","52","50","0.014848875479421"
"1024","1025","1023","0.00456669151332411"
"1025","2032","2014","0.00953930855495091"
"1026","1034","1031","0.00538659691049624"
"1027","54","51","0.014522960221006"
"1028","1018","1003","0.00694573979328566"
"1029","2033","2030","0.00574233192360644"
"1030","2025","2017","0.00485923912969966"
"1031","2027","2018","0.0038532460860084"
"1032","2028","2027","0.00220532952498526"
"1033","2025","1025","0.00349133509533477"
"1034","1035","18","0.00974055052667191"
"1035","2011","2005","0.0046779108953116"
"1036","2027","2019","0.00443901230960917"
"1037","2027","50","0.00434963675856721"
"1038","12","11","0.0127819046754957"
"1039","2011","2009","0.00407939313620797"
"1040","2035","2024","0.00418200638507439"
"1041","2020","2012","0.00786709732526251"
"1042","2033","2009","0.00809075463309429"
"1043","13","11","0.0224443804856644"
"1044","2007","2006","0.00730506142281761"
"1045","1033","1009","0.00725374791027731"
"1046","2023","2010","0.0125213894910404"
"1047","2028","2003","0.00388937268494133"
"1048","1028","1003","0.00393497166494707"
"1049","2031","2001","0.00666171479578656"
"1050","18","17","0.0191652113156284"
"1051","13","10","0.0224576309491067"
"1052","2026","1026","0.0175670058634058"
"1053","1016","1013","0.00736803956263195"
"1054","2028","2014","0.00398262334944693"
"1055","1035","1031","0.0057307753034019"
"1056","1008","1001","0.00633620284985315"
"1057","1027","1003","0.00496082127030234"
"1058","1013","1010","0.00720665994655865"
"1059","1014","11","0.0119419022099344"
"1060","50","11","0.0169523833037863"
"1061","2030","2018","0.00684674149023692"
"1062","2018","2003","0.0115569455360783"
"1063","2029","2011","0.00381533768679674"
"1064","2015","2011","0.00484999119746034"
"1065","17","10","0.0159552862797867"
"1066","54","53","0.0209400009174627"
"1067","2034","2022","0.00736181897185613"
"1068","51","50","0.0167393435567807"
"1069","1028","1027","0.00330668772311673"
"1070","2028","1028","0.0029905830583177"
"1071","1030","1022","0.00459573861475597"
"1072","1031","1029","0.00416326389988171"
"1073","2030","2001","0.00837916827501882"
"1074","53","49","0.0174434992259949"
"1075","2016","2013","0.00948609170602006"
"1076","2014","50","0.0142644375747185"
"1077","1029","1011","0.00434608482081187"
"1078","2034","2030","0.0104988570021823"
"1079","18","12","0.0264400141942458"
"1080","2030","2022","0.00565119489537798"
"1081","1013","1005","0.00874156188481837"
"1082","1029","1022","0.00481240884543657"
"1083","2025","2013","0.00700993004535898"
"1084","1029","1005","0.00680643092559101"
"1085","1023","1010","0.0205397698702478"
"1086","2029","2005","0.00715545660433155"
"1087","1027","1020","0.00839212248868115"
"1088","2035","54","0.0183159628804805"
"1089","2006","53","0.0284397268500669"
"1090","1034","1022","0.0106239029813481"
"1091","2029","2022","0.00543767535612887"
"1092","2008","2001","0.00873416822682641"
"1093","1035","1022","0.00862922232223004"
"1094","1011","1009","0.00718480514532045"
"1095","2028","2026","0.00792260396088351"
"1096","2013","2005","0.0114959201125744"
"1097","2035","2034","0.0191903182026353"
"1098","2013","1013","0.00853138434174788"
"1099","1011","1008","0.00671392031862107"
"1100","2028","2023","0.00777323996382172"
"1101","1035","1012","0.0128473249539889"
"1102","2014","58","0.0274657994661952"
"1103","2005","1005","0.0179172899389489"
"1104","52","51","0.0394173385760491"
"1105","2021","2011","0.0118426828268843"
"1106","2030","2024","0.00792534922569976"
"1107","1014","26","0.0297360420139925"
"1108","2026","2014","0.0226790490829251"
"1109","1030","1001","0.0130160837618459"
"1110","2010","1010","0.0268185440073513"
"1111","1021","1011","0.0112992532404845"
"1112","2031","2030","0.00914383032968375"
"1113","1020","1019","0.0325307555479538"
"1114","1015","1011","0.00892007805886432"
"1115","13","12","0.0447566306670971"
"1116","1029","1025","0.0078138521740167"
"1117","2027","2020","0.0114572923475962"
"1118","1031","1008","0.00921403600113819"
"1119","2006","54","0.0670465727089086"
"1120","2031","2022","0.00938645159090831"
"1121","1007","1006","0.0180249432196178"
"1122","1030","1024","0.00898706417948077"
"1123","2020","2018","0.0280967214369171"
"1124","1006","18","0.0645451832256487"
"1125","2020","2019","0.0363461592311603"
"1126","2007","53","0.0174221891275943"
"1127","2015","2001","0.0177074037752079"
"1128","1015","1008","0.0111671575180581"
"1129","1028","1026","0.0120303345037658"
"1130","1035","1024","0.0125425102135984"
"1131","1025","1013","0.0121700914208859"
"1132","2024","2003","0.0149200519307191"
"1133","1013","1011","0.0113240795197965"
"1134","50","49","0.0424808892501101"
"1135","1035","1030","0.0149045885177032"
"1136","1034","1030","0.0195899370181806"
"1137","1019","1012","0.0284722573286658"
"1138","1012","12","0.0259198952541268"
"1139","2035","2022","0.0138458007898595"
"1140","11","10","0.0473000747127343"
"1141","1014","1012","0.0224607676526815"
"1142","2025","2010","0.0205998340044693"
"1143","1020","1018","0.0334558432177852"
"1144","1028","1023","0.0136468958746275"
"1145","1026","1014","0.0354412098546644"
"1146","1028","1002","0.0150024809464899"
"1147","1024","1018","0.0161382264413498"
"1148","2021","2013","0.0223243730901323"
"1149","2029","2025","0.0114866297701067"
"1150","2019","2012","0.0318239496632851"
"1151","2012","51","0.0309357791698865"
"1152","1031","1022","0.0140848818999449"
"1153","2023","1023","0.0457860076553484"
"1154","2013","2010","0.0257407106418579"
"1155","1021","1013","0.0244055796216182"
"1156","1035","1034","0.0412417726058125"
"1157","2021","2005","0.0388437987858559"
"1158","1025","1005","0.023436568087158"
"1159","1023","1017","0.0523130203411786"
"1160","2024","2018","0.0225687327068884"
"1161","1025","1010","0.026809830236715"
"1162","1031","1030","0.017176806222995"
"1163","1035","1018","0.0344389867657853"
"1164","1015","1001","0.0312773446413881"
"1165","2035","2018","0.0352057094912492"
"1166","1021","1005","0.0454522951779885"
"1167","2015","2008","0.0153370445719251"
"1168","2013","2011","0.0193495567670811"
"1169","2011","2008","0.0151033747024082"
"1170","2014","2012","0.0323662623953544"
"1171","1024","1003","0.0216882767603722"
"1172","1011","1007","0.0184630756506662"
"1173","1006","17","0.075023223386203"
"1174","2016","2007","0.0331209929597339"
"1175","2035","2012","0.0313048399456077"
"1176","2028","2002","0.0209785541192717"
"1177","2031","2008","0.0167607595208124"
"1178","2023","2017","0.0568895207574464"
"1179","2035","2030","0.0263368149896215"
"1180","1029","1008","0.0165169871255744"
"1181","2016","53","0.07217853534044"
"1182","2025","2005","0.0307104591522263"
"1183","1016","1007","0.037058685586394"
"1184","2011","2007","0.0232532483209301"
"1185","2014","1014","0.0462803772126926"
"1186","1016","17","0.082225517839016"
"1187","2029","2008","0.0185780983047961"
"1188","2013","2007","0.0303358124864501"
"1189","2024","2022","0.0242266059267936"
"1190","1013","1007","0.0306867893841345"
"1191","2030","2015","0.0347899865180713"
"1192","1030","1015","0.0349004359550589"
"1193","2015","2009","0.0405681713795702"
"1194","1035","12","0.0821336230002257"
"1195","2035","51","0.0797937287373946"
"1196","2009","2007","0.0442436061892998"
"1197","1015","1009","0.0441712421591485"
"1198","1024","1022","0.0343519005007198"
"1199","1009","1007","0.049051637696599"
