Source Node	Dest Node	Inverse Sum of Streamline Lenght	Streamline Count	Average Length	
2011	1017	0.0046	1	216.2501	
2021	2003	0.0046	1	216.0001	
2034	53	0.0048	1	210.0002	
2017	2011	0.0049	1	205.9958	
1012	51	0.0049	1	204.5003	
2033	1013	0.0050	1	199.9971	
1022	1006	0.0051	1	197.9966	
2030	1013	0.0051	1	196.9961	
2030	11	0.0052	1	193.4966	
2016	1025	0.0055	1	182.0000	
2035	1029	0.0055	1	181.9995	
1006	51	0.0055	1	180.7499	
2016	1029	0.0056	1	179.9030	
2024	1007	0.0056	1	179.7501	
2007	1028	0.0056	1	178.9998	
2005	18	0.0056	1	177.7500	
2027	1010	0.0058	1	171.0001	
2006	52	0.0064	1	156.7497	
1011	53	0.0065	1	152.7455	
1021	52	0.0066	1	151.9999	
2010	1012	0.0070	1	142.5000	
1029	50	0.0071	1	140.6992	
1011	49	0.0074	1	135.7498	
1006	1005	0.0074	1	135.0001	
1009	1005	0.0077	1	129.7483	
2025	1035	0.0078	1	127.7501	
2019	2015	0.0080	1	124.2499	
2016	13	0.0083	1	120.5001	
1027	1001	0.0084	1	119.5000	
53	11	0.0085	1	117.7502	
2002	49	0.0085	1	117.5001	
1008	12	0.0086	1	116.2500	
1010	11	0.0087	1	115.2499	
2025	58	0.0087	1	114.9889	
1023	52	0.0089	1	112.7498	
2007	1009	0.0093	2	214.7482	
2005	1035	0.0094	2	212.2499	
2024	2011	0.0095	2	211.2259	
2034	54	0.0095	2	211.1176	
2021	50	0.0097	1	103.4999	
1020	51	0.0101	1	98.9968	
2035	1007	0.0102	2	196.3730	
1030	54	0.0103	2	194.3748	
1016	13	0.0110	1	91.0000	
2035	17	0.0110	2	182.3749	
2028	1007	0.0112	2	178.7469	
2007	51	0.0113	3	264.9991	
2015	1021	0.0115	2	173.8736	
2028	2016	0.0116	2	172.3750	
2009	1035	0.0117	2	170.9981	
1022	17	0.0120	1	83.4999	
2011	2006	0.0122	1	81.7500	
1018	13	0.0122	1	81.7500	
2013	1016	0.0122	1	81.6779	
2013	18	0.0123	2	162.8691	
2029	2016	0.0123	1	81.2011	
1013	51	0.0125	2	161.4984	
2034	1030	0.0125	2	161.8733	
2035	1008	0.0127	2	158.0742	
1031	1010	0.0128	2	156.4588	
2017	2010	0.0129	2	154.6250	
1002	49	0.0132	1	75.7500	
1029	1024	0.0143	1	69.7457	
2024	2012	0.0150	1	66.7500	
2016	2015	0.0155	2	129.3748	
2014	1010	0.0155	2	129.1251	
2013	1024	0.0155	3	193.2435	
1002	10	0.0156	1	64.0001	
1024	1013	0.0159	3	189.1635	
1016	1011	0.0178	2	112.1250	
2030	1021	0.0179	3	167.6629	
51	18	0.0180	3	166.4999	
54	11	0.0182	1	54.9999	
2009	49	0.0184	2	108.7477	
1025	1024	0.0188	1	53.2121	
2021	1008	0.0188	3	159.3322	
1013	1009	0.0191	2	104.8747	
2021	1007	0.0192	4	208.4355	
2015	1016	0.0200	3	150.2307	
2012	12	0.0200	1	49.9959	
1021	18	0.0201	2	99.9982	
2007	1035	0.0203	4	196.8742	
2024	2013	0.0207	3	144.7393	
2012	1012	0.0210	1	47.6619	
2022	2020	0.0212	1	47.2028	
2024	2016	0.0213	4	189.9938	
2025	1030	0.0215	3	140.1640	
1029	54	0.0216	4	184.7872	
2021	2016	0.0217	1	45.9999	
2031	2009	0.0223	2	89.6250	
2002	54	0.0224	2	89.5000	
2007	1015	0.0227	5	220.4497	
1029	1012	0.0228	3	131.7997	
1035	1013	0.0228	2	87.8614	
2027	2021	0.0235	5	213.2969	
1025	26	0.0236	3	127.2499	
2033	1011	0.0236	5	211.4994	
1017	1013	0.0237	4	169.1875	
2017	2013	0.0239	4	170.7492	
2019	1028	0.0242	2	82.6164	
1015	52	0.0254	5	197.3987	
2012	53	0.0256	1	38.9866	
2019	1026	0.0260	2	76.8728	
1021	51	0.0260	4	153.7499	
2020	10	0.0278	3	108.0820	
2011	1009	0.0284	5	176.3416	
2033	1005	0.0285	6	210.5671	
1022	1012	0.0287	2	69.6071	
2027	1025	0.0289	5	173.0468	
2009	13	0.0297	6	202.2785	
2028	1024	0.0305	1	32.7500	
2005	1015	0.0312	6	192.0819	
1021	49	0.0315	7	222.1056	
2008	53	0.0316	3	96.0769	
1033	1016	0.0320	3	93.9712	
2009	1015	0.0325	7	216.6050	
1024	1007	0.0327	5	153.0980	
2026	1012	0.0327	2	61.2365	
1030	1009	0.0330	2	60.6233	
2030	58	0.0334	5	150.1479	
2005	17	0.0336	5	149.0462	
2010	2008	0.0340	2	59.7436	
2010	50	0.0343	5	146.2987	
1025	11	0.0344	4	116.3733	
1008	51	0.0350	5	142.6938	
2035	52	0.0369	8	216.7486	
1025	1012	0.0372	5	134.5992	
2029	13	0.0373	5	134.0995	
1017	17	0.0375	3	79.9985	
2011	10	0.0397	6	151.2804	
2030	1005	0.0397	6	160.4427	
1022	1013	0.0423	8	189.2354	
2010	1016	0.0426	2	46.9983	
1010	54	0.0445	6	134.9088	
1028	1001	0.0451	6	133.1525	
1029	11	0.0458	6	131.0782	
1028	54	0.0458	6	130.9938	
1030	13	0.0464	2	43.6228	
2016	10	0.0465	5	107.7969	
2010	18	0.0476	5	105.1494	
2009	1033	0.0485	10	206.0659	
1023	51	0.0494	5	101.6218	
2022	2007	0.0501	9	180.1348	
2009	10	0.0504	8	158.6434	
1024	17	0.0511	4	78.5613	
2013	54	0.0511	5	103.8962	
2033	10	0.0522	11	212.2259	
2029	1005	0.0527	8	152.2165	
2033	1015	0.0532	12	225.9143	
2005	13	0.0541	10	184.8717	
2030	1012	0.0547	12	219.6864	
2027	2022	0.0548	3	71.4125	
2030	2020	0.0553	4	84.3472	
2033	13	0.0562	12	213.5393	
2012	10	0.0574	3	52.2976	
2024	11	0.0579	5	86.4326	
2026	54	0.0580	2	34.4985	
2033	18	0.0587	12	205.0412	
2015	1005	0.0598	12	200.8516	
2028	1025	0.0600	3	49.9828	
2013	1030	0.0612	7	114.3212	
1035	1007	0.0617	6	99.5395	
2035	1035	0.0628	9	143.4406	
2026	1020	0.0630	5	79.6994	
1029	49	0.0630	12	196.7236	
1025	1014	0.0634	8	126.1305	
49	26	0.0650	2	64.0711	
2013	1017	0.0655	12	183.2884	
2033	1008	0.0659	13	197.2870	
2022	2015	0.0664	5	75.6993	
1029	1006	0.0665	10	155.3945	
1021	1009	0.0671	7	104.2689	
1021	1016	0.0675	4	59.9311	
2032	1032	0.0678	1	14.7459	
2033	2025	0.0681	8	117.5512	
2030	2007	0.0683	15	240.1602	
2027	2002	0.0692	3	43.3740	
2027	1002	0.0712	4	57.6809	
2028	2007	0.0719	12	167.1777	
1021	1006	0.0734	8	109.0284	
1034	1010	0.0734	6	81.7800	
2035	2013	0.0740	8	108.0598	
2031	2020	0.0742	8	107.8742	
1033	52	0.0743	15	201.9307	
1020	52	0.0765	8	104.5912	
2007	1030	0.0773	16	207.5722	
2018	2008	0.0794	10	126.3221	
2010	1008	0.0813	6	73.8738	
2029	10	0.0813	10	123.0243	
1022	1007	0.0818	13	159.8586	
2035	1030	0.0834	14	169.6422	
2009	12	0.0834	16	193.2799	
1015	51	0.0835	16	191.7168	
1005	10	0.0885	12	136.3112	
1007	51	0.0898	17	194.4972	
1007	52	0.0902	17	199.8966	
1017	1007	0.0905	13	144.0176	
1006	10	0.0910	9	100.4848	
1015	18	0.0925	3	32.5000	
2009	1005	0.0940	19	202.2499	
2013	1022	0.0941	18	191.3027	
2024	2023	0.0941	6	63.7501	
2005	54	0.0942	9	95.6110	
2022	2018	0.0953	10	105.3132	
1035	51	0.0960	14	145.8918	
1007	13	0.0967	8	84.4633	
1018	1012	0.0984	3	30.4970	
1028	53	0.0995	13	130.7070	
2034	52	0.0997	22	220.6450	
1005	51	0.0999	13	139.3873	
1012	54	0.1012	6	59.3306	
2030	1009	0.1015	20	197.1109	
1006	49	0.1022	19	185.9708	
2005	12	0.1028	19	185.7317	
2007	1016	0.1032	10	96.9299	
2006	1007	0.1045	13	124.4012	
1013	52	0.1067	11	105.3026	
1015	50	0.1068	19	178.4296	
1006	11	0.1073	9	83.9600	
2022	1013	0.1089	19	174.7589	
2033	1025	0.1122	20	178.8563	
1030	49	0.1147	20	174.4229	
2028	1013	0.1185	22	186.8453	
2015	1008	0.1202	23	191.3904	
2027	2001	0.1205	14	116.1601	
2015	1035	0.1214	22	181.3721	
2005	1030	0.1265	28	221.3574	
2007	1006	0.1266	19	152.9700	
1014	1006	0.1275	2	16.0000	
1012	17	0.1278	4	31.4340	
2015	1011	0.1287	26	202.1888	
2007	17	0.1295	14	110.8457	
2028	2013	0.1322	19	143.9851	
1027	1009	0.1329	18	135.5262	
2022	2012	0.1345	7	52.4566	
2009	1030	0.1386	29	210.2794	
2010	54	0.1424	21	147.5328	
1011	1006	0.1432	15	105.4643	
2027	1020	0.1438	14	97.4258	
1020	1008	0.1494	20	133.9173	
1025	1006	0.1517	15	99.1315	
2029	1011	0.1536	23	149.9433	
1033	1008	0.1550	16	103.3890	
2029	2003	0.1562	12	81.4751	
2026	13	0.1572	5	31.7994	
58	53	0.1590	19	119.5227	
2013	1015	0.1613	28	189.3103	
1030	52	0.1614	30	186.0491	
1011	52	0.1614	23	142.5720	
2020	2009	0.1627	25	153.7319	
2031	2003	0.1638	12	73.2900	
2029	1013	0.1664	29	174.3260	
2014	1027	0.1741	18	103.6895	
1029	1016	0.1758	19	108.5266	
2012	2001	0.1762	18	102.1784	
2014	18	0.1788	6	33.9536	
1022	1008	0.1809	10	55.6283	
53	18	0.1821	31	172.9766	
2007	13	0.1851	24	131.4764	
1010	1006	0.1858	10	53.8696	
2002	52	0.1903	18	107.1638	
1016	1009	0.1915	22	115.3072	
1012	10	0.1931	13	67.3183	
2013	1006	0.1955	26	133.0608	
1001	12	0.1977	14	70.8548	
2009	58	0.2031	9	44.4720	
1026	50	0.2070	12	57.9830	
2009	1013	0.2079	16	79.9191	
1012	1010	0.2089	25	119.6741	
2010	1009	0.2094	23	109.9102	
2020	1020	0.2109	20	95.0587	
2033	2029	0.2124	28	131.8371	
2031	2010	0.2145	21	97.9145	
2009	1008	0.2158	41	190.1968	
1012	58	0.2172	12	55.2827	
2009	1011	0.2206	45	204.1533	
2024	2009	0.2220	23	103.6220	
2020	2002	0.2223	11	49.5633	
2015	54	0.2229	7	32.2770	
2029	2013	0.2246	9	40.0754	
2015	10	0.2276	44	194.0606	
2024	2020	0.2302	16	69.8404	
2029	1025	0.2338	7	63.7032	
2016	1007	0.2370	17	72.5989	
2011	52	0.2423	23	95.0107	
2005	1007	0.2474	48	195.2878	
2033	50	0.2477	41	169.0032	
2014	17	0.2488	10	40.2687	
2024	1013	0.2495	48	192.9408	
2030	1011	0.2540	45	177.4855	
2019	13	0.2582	26	100.6977	
2033	1029	0.2589	57	220.2827	
2034	1035	0.2642	38	143.8999	
2022	53	0.2676	23	85.9764	
1007	49	0.2686	41	157.3106	
1002	26	0.2694	14	51.9790	
1014	10	0.2695	16	59.3896	
1015	11	0.2752	23	87.8450	
2013	13	0.2753	37	141.5776	
2005	1008	0.2759	43	155.9808	
1016	12	0.2830	14	66.1680	
2033	1007	0.2862	67	236.4387	
2014	53	0.2880	7	24.3055	
2021	1025	0.2916	37	128.2198	
2022	1024	0.2976	6	20.1643	
2017	2007	0.3014	52	173.7633	
2030	2016	0.3029	36	118.9425	
2014	13	0.3052	8	34.8566	
1035	1005	0.3070	30	98.0987	
1025	52	0.3137	47	149.8705	
2011	49	0.3161	37	117.1473	
2003	50	0.3436	11	32.0171	
2035	58	0.3471	7	20.4267	
2013	1029	0.3530	66	187.2046	
1031	1027	0.3537	41	116.0651	
2015	50	0.3562	38	114.8428	
2035	2014	0.3568	7	19.6243	
2021	2020	0.3591	44	122.5716	
2031	2021	0.3600	50	138.9266	
1013	53	0.3652	38	106.0745	
2021	2008	0.3667	41	114.4666	
2014	1019	0.3785	39	103.0682	
2030	18	0.3960	72	182.4176	
2014	1012	0.3977	13	33.0598	
58	10	0.3981	10	25.4497	
2008	52	0.3992	35	87.7865	
2024	1024	0.4003	5	12.4978	
2033	2014	0.4009	11	27.4489	
2035	1025	0.4038	53	131.9575	
2030	1008	0.4096	66	161.4187	
2021	18	0.4143	66	159.7141	
2016	49	0.4204	42	106.9717	
2001	52	0.4226	39	92.3676	
2002	1014	0.4270	15	35.1993	
2014	1020	0.4316	44	102.0644	
2015	1030	0.4369	82	188.4039	
1033	51	0.4413	85	192.7783	
1021	53	0.4478	51	114.8893	
1015	1003	0.4730	65	137.9734	
2017	1013	0.4973	88	178.0580	
1002	51	0.4982	33	67.2975	
2014	1023	0.5019	30	59.8731	
2007	1005	0.5022	99	197.6694	
2015	2005	0.5078	53	106.2590	
2007	12	0.5119	76	152.4402	
2028	2021	0.5229	113	216.1646	
2034	51	0.5362	23	43.1144	
2015	1015	0.5388	111	206.1518	
2033	1033	0.5450	122	224.3806	
1029	53	0.5524	92	166.5487	
2002	26	0.5548	31	56.2585	
1014	17	0.5751	19	34.0089	
2013	17	0.5870	47	87.9540	
1030	51	0.5871	107	182.5331	
2006	10	0.6113	86	140.7574	
1006	12	0.6123	14	24.4419	
2023	1016	0.6191	43	69.4982	
2015	13	0.6260	124	198.2252	
2029	12	0.6287	80	127.3236	
1020	1009	0.6654	93	139.7805	
1030	1016	0.6886	73	106.4618	
1025	49	0.6955	70	101.6539	
1010	52	0.7084	85	127.7999	
1028	1016	0.7085	76	107.2743	
2007	1024	0.7138	144	201.9639	
2021	10	0.7205	125	173.7592	
2015	18	0.7330	139	189.6849	
26	17	0.7339	48	65.4029	
2023	58	0.7379	49	68.3925	
1028	1009	0.7393	107	144.9891	
1016	1015	0.7404	86	116.4341	
2015	2012	0.7507	59	91.0737	
2015	1025	0.7668	135	177.4262	
2024	10	0.7812	94	120.8387	
1005	13	0.7975	91	114.6988	
58	18	0.8029	30	37.3698	
1030	1028	0.8126	102	126.2648	
2025	13	0.8182	111	135.8676	
2026	1023	0.8284	41	50.7683	
53	13	0.8392	97	146.9898	
2007	52	0.8489	109	131.2780	
2011	1029	0.8583	140	164.1266	
1027	1008	0.8597	101	117.7012	
2011	1011	0.8615	129	150.0773	
1021	10	0.8683	97	112.2550	
2013	2006	0.8745	57	66.4221	
2034	13	0.8947	135	150.9284	
54	10	0.9236	112	146.3335	
2019	49	0.9505	58	61.1092	
2026	52	0.9627	31	34.9675	
2016	1013	0.9645	55	57.0499	
2025	10	0.9662	120	125.3527	
1033	1010	0.9696	90	93.0558	
1032	1020	0.9918	58	58.5134	
2033	2010	1.0225	101	99.3744	
1013	49	1.0311	103	102.2095	
2002	50	1.0487	60	62.0345	
2005	53	1.0561	144	136.5070	
1030	1008	1.0664	83	77.9591	
2029	1029	1.0991	41	134.2250	
2015	1029	1.1040	233	212.1826	
1012	52	1.1299	58	51.4504	
2009	1025	1.1314	201	179.0015	
2020	2001	1.1324	121	106.9465	
50	17	1.1342	134	119.8198	
2007	49	1.1603	119	102.9517	
1015	17	1.1643	105	90.1985	
2010	1007	1.1827	97	98.6897	
2010	1011	1.1884	100	84.2343	
2009	1029	1.2170	262	215.6394	
2030	54	1.2333	51	104.9460	
2033	2011	1.2424	154	125.3625	
2002	51	1.2549	83	82.3311	
2005	1033	1.2800	247	193.0020	
2035	53	1.2831	37	28.8392	
2035	2028	1.2849	89	69.2785	
2030	1007	1.2853	255	200.1488	
2025	1021	1.2901	138	109.0198	
2022	2003	1.2921	58	44.9529	
2008	51	1.2932	118	91.7299	
2033	12	1.3967	300	215.1015	
2014	10	1.4025	131	105.8086	
1015	53	1.4088	263	187.1803	
1013	1006	1.4271	122	89.4783	
2015	1007	1.4297	309	221.2427	
1033	50	1.4453	248	173.2583	
2022	49	1.5360	104	67.7271	
2033	49	1.5441	186	135.3543	
2013	49	1.5505	127	88.7756	
2025	2014	1.5707	168	107.1150	
1029	52	1.5758	265	169.2068	
2007	1010	1.6118	207	130.7024	
2020	2014	1.7019	119	70.1174	
1031	1018	1.7319	134	77.6014	
2033	52	1.8081	101	84.5380	
2009	1007	1.8130	394	224.1137	
2015	12	1.8433	361	196.3545	
1014	1010	1.8885	211	111.7665	
2025	2024	1.8978	77	43.5727	
2007	1022	1.9149	385	201.2392	
1030	10	1.9275	82	44.8027	
2011	1008	1.9484	271	139.6996	
2025	2015	1.9507	183	96.2279	
2030	1025	1.9735	282	143.8471	
2002	1020	1.9944	103	51.7816	
2028	2009	2.0299	264	130.3447	
2007	1008	2.0371	368	180.9950	
54	12	2.0960	386	184.3444	
2025	1013	2.1102	227	156.8845	
2021	53	2.1331	165	78.3952	
1026	58	2.1409	31	14.6555	
1015	13	2.1466	89	41.4769	
54	26	2.1718	70	32.2561	
1011	18	2.1761	229	105.5180	
1029	18	2.2075	258	116.8832	
1031	1020	2.3117	152	66.0910	
2019	12	2.3205	217	93.5360	
2014	12	2.3369	232	99.2933	
2010	1015	2.3784	271	114.1405	
2002	11	2.3839	94	42.0234	
1024	1015	2.3885	239	100.3676	
2027	1014	2.3957	208	87.0509	
2013	12	2.3971	321	156.6465	
1016	18	2.4158	43	17.9878	
53	10	2.4474	217	147.4913	
2016	2011	2.4523	197	80.9931	
2007	1011	2.4594	454	191.2207	
2007	1017	2.4777	474	191.4817	
2024	2015	2.4864	220	89.7296	
2018	2015	2.5010	371	148.7510	
1032	1019	2.5087	117	47.9793	
54	13	2.5977	374	169.1304	
1028	50	2.5998	182	70.1279	
2028	1002	2.5999	39	40.8412	
2030	1015	2.6015	533	205.3365	
2020	1026	2.7124	193	71.5481	
1035	1021	2.7600	218	79.0736	
2020	13	2.8644	271	94.6464	
2019	2018	2.8655	58	26.0533	
1024	1009	2.8712	312	108.8068	
2011	1010	2.8721	245	86.6323	
2021	1015	2.8745	484	168.6880	
1026	52	2.9608	226	76.3737	
1024	1020	3.0350	262	87.9756	
2013	1033	3.0500	476	163.3379	
1013	18	3.0617	236	77.2628	
2006	1013	3.0637	414	135.2906	
1025	51	3.0694	366	120.0150	
2014	1032	3.0834	68	60.5367	
2017	53	3.1621	257	81.5315	
1009	17	3.1848	35	11.0109	
2020	2015	3.1873	370	117.2722	
2030	1029	3.2196	611	190.9740	
2030	52	3.2690	384	170.2833	
1005	18	3.2812	397	120.9970	
2028	13	3.3636	322	96.1905	
1029	51	3.3674	589	174.9663	
1009	12	3.3692	315	93.5276	
1021	13	3.3739	342	101.6621	
1015	49	3.3892	610	180.6472	
1015	1005	3.4081	415	123.4802	
2028	1032	3.4327	297	86.6264	
2028	2001	3.5407	472	133.3989	
2010	1033	3.5901	430	120.0056	
2017	1025	3.6202	125	49.0368	
2034	12	3.6269	521	143.6901	
2021	13	3.6401	594	163.5265	
2021	1010	3.6588	309	86.4055	
2019	11	3.6593	267	73.0719	
1025	1009	3.6806	362	98.6547	
49	18	3.7250	591	169.3484	
1023	1016	3.7752	201	53.2811	
1013	10	3.8394	412	112.2063	
1003	13	3.8836	209	53.9030	
2032	51	3.9121	183	46.8176	
1031	1012	3.9309	255	65.1939	
1028	49	4.0115	370	92.5493	
2034	10	4.0810	569	139.5383	
2010	1029	4.1613	341	82.1484	
50	12	4.1960	217	84.9129	
2026	10	4.2004	105	25.3783	
2018	2009	4.3360	666	153.7894	
2012	2009	4.3415	164	38.0934	
1018	1015	4.3989	499	118.3782	
2021	12	4.4383	696	158.9797	
2028	1027	4.5114	428	95.4127	
2011	1007	4.5122	818	182.5187	
2023	11	4.6597	188	40.3843	
1008	1005	4.6803	180	38.9215	
2023	2014	4.6980	355	76.9011	
2022	1025	4.8265	125	25.9348	
2009	2003	4.9013	612	126.1641	
2035	2006	4.9536	65	13.1251	
2026	12	5.0204	263	54.2524	
2033	1010	5.2177	602	115.4395	
1033	1014	5.2342	83	16.1247	
2021	54	5.2542	400	76.3046	
2024	2007	5.2590	836	159.0573	
2002	12	5.4356	250	46.0175	
2015	1033	5.4543	1120	205.5088	
1026	49	5.5788	471	84.4679	
2027	2009	5.5856	836	150.0490	
1025	17	5.5991	468	84.2306	
52	17	5.6028	358	67.2437	
1022	1003	5.6082	297	53.0517	
2011	1025	5.7883	750	130.4852	
1028	51	5.7959	433	74.8516	
2021	2012	5.8491	662	113.3132	
2026	49	5.8600	120	21.1113	
2030	50	5.9798	590	107.2298	
2005	52	6.0657	544	90.1527	
2035	50	6.2851	185	29.4397	
1007	12	6.4055	208	57.0387	
53	52	6.4977	83	44.6849	
2035	12	6.5039	1001	155.3546	
1035	1019	6.6115	63	9.9269	
2012	1032	6.6430	108	16.6390	
1007	10	6.6890	511	79.2529	
1030	1019	6.7145	84	12.6353	
1010	49	6.8213	330	94.5959	
51	11	6.8424	457	67.0106	
2011	51	7.1043	627	88.3417	
1028	52	7.1359	929	134.0759	
2010	1021	7.2389	573	79.8101	
2033	2013	7.2677	825	114.6416	
1014	18	7.4029	180	24.7153	
1017	13	7.5569	515	68.3177	
2030	2011	7.7996	831	107.6509	
2030	1035	7.9310	1342	169.3898	
2015	2003	8.3747	913	113.5284	
2025	12	8.3861	1078	128.6994	
2029	53	8.4944	827	99.0432	
2021	17	8.6458	1050	121.9339	
2027	13	8.8024	857	97.4555	
2035	13	8.8963	1498	169.5192	
2021	1033	8.9858	1536	171.3720	
2009	1010	9.0752	958	105.7841	
2025	2009	9.1417	913	100.5921	
2026	1028	9.1561	299	32.8297	
1010	26	9.3682	1049	112.0141	
50	18	9.3745	372	39.9877	
1005	17	9.3937	921	98.1133	
1029	1013	9.4718	388	48.4130	
2002	58	9.4737	443	47.8720	
1033	1005	9.5409	1286	134.8208	
2013	1010	9.6604	209	51.7071	
2013	52	9.7009	603	69.4894	
1013	13	9.8291	863	88.3686	
2023	50	9.9380	257	26.1529	
2010	58	9.9897	1119	112.0367	
1034	1025	10.0482	868	86.5796	
2002	1026	10.1169	358	38.7051	
2026	1002	10.3623	81	11.8262	
1010	51	10.4607	904	86.9902	
1026	51	10.4872	705	67.2626	
2025	2007	10.5059	1193	120.6171	
2027	2015	10.6121	1542	147.5741	
2031	2024	10.6185	591	61.7359	
2033	2021	10.6992	1298	121.3684	
2023	1002	10.7732	69	6.4308	
1033	53	10.9606	2018	186.0409	
2020	1028	10.9910	869	79.3071	
2005	1010	11.0046	986	89.9422	
2025	1011	11.0156	1421	129.2530	
1025	1011	11.1309	481	48.4917	
2009	17	11.1830	1456	131.0145	
18	11	11.2624	294	29.6029	
2030	1033	11.2746	2397	213.2048	
2033	17	11.5560	1652	144.2679	
1029	17	11.5613	1062	91.9768	
2007	1025	11.7154	2169	186.6743	
2028	1020	11.7239	1095	94.2017	
1014	58	11.7574	156	13.3055	
2021	1029	11.8827	1800	152.5734	
2012	49	12.0455	472	39.5334	
1017	50	12.2540	869	70.9372	
2007	1029	12.2670	2516	205.6244	
1011	10	12.3052	1109	90.3700	
1015	10	12.3178	726	59.6515	
2035	2001	12.4522	975	78.9071	
1017	12	12.5470	740	59.0444	
1017	49	12.5762	1130	90.1235	
2024	1025	12.6227	334	27.0252	
1019	1014	12.6593	606	48.4377	
2016	2009	12.8414	368	33.2948	
1009	1006	12.8793	318	25.1568	
51	17	12.9993	1469	115.1393	
2030	1010	13.5721	1470	108.5847	
58	11	14.5129	297	25.6084	
1034	1022	15.0960	56	4.4793	
1010	1008	15.5212	856	55.2648	
1017	1002	15.5867	629	40.8664	
1020	1014	15.7885	830	52.6704	
2028	2008	15.9049	1773	112.5975	
2011	1005	15.9829	168	29.8565	
17	12	16.1298	602	59.1489	
2035	2011	16.3189	1702	104.3753	
2016	54	16.4747	229	13.9282	
52	26	16.5550	338	20.4665	
2025	2011	16.5639	999	62.1759	
2032	2019	16.5680	870	52.6898	
2010	17	16.6441	595	38.9333	
53	50	16.6515	775	50.7506	
2023	1028	16.7478	847	50.9041	
1010	1009	17.5133	1685	96.5053	
2010	52	17.6842	1279	79.4562	
2030	17	17.7706	2366	134.7002	
2005	1013	17.9575	2048	117.6600	
2030	2018	18.0910	194	11.6073	
1011	1010	18.4329	1184	64.3525	
2035	10	18.5309	2733	148.4509	
2013	10	18.5530	1950	106.5577	
2009	2005	18.9239	1378	77.2145	
2001	51	19.1758	1409	73.8750	
1021	1010	19.2743	516	36.7290	
1025	1007	19.3899	1828	101.0178	
2028	1026	19.4933	1126	59.1248	
2025	49	19.5692	1360	69.9170	
2007	10	19.8638	2354	119.8354	
2021	1011	20.7247	3072	148.5015	
1026	1010	20.9024	2104	100.8965	
1011	17	21.4378	1279	61.3305	
2017	50	21.7008	767	35.3654	
1029	1010	21.7641	1327	62.5015	
2025	1029	21.9159	1052	102.6561	
1025	1016	22.0597	1389	66.2644	
2010	13	22.2789	1987	89.5162	
2021	49	22.4436	1536	68.7665	
2030	1030	22.7131	4082	180.1409	
2010	1035	23.5865	1926	81.6840	
1010	1002	23.5973	1777	76.6582	
1033	1011	23.7610	2544	107.9159	
1026	12	24.3944	708	29.0398	
2007	2005	24.4888	1897	79.4870	
1021	17	24.6853	1474	60.4263	
2019	52	25.1117	1178	47.0011	
2027	10	25.2485	2508	99.9450	
2025	2016	25.7650	1311	53.5636	
2028	2022	26.2043	1666	66.8349	
1023	50	26.2519	1032	39.9226	
53	12	26.4028	4466	169.6570	
1015	1013	26.4938	2730	103.6453	
2024	1017	26.6315	282	10.7589	
1033	49	27.2497	4830	177.8693	
1023	1014	27.4980	1664	60.7953	
58	26	28.2516	361	14.2605	
2035	2025	28.5305	2320	81.9206	
2010	1013	28.8128	1585	57.9839	
1035	11	29.0345	315	10.8916	
1035	1025	29.1871	2066	70.8579	
2009	2006	29.6745	83	4.2801	
1010	13	29.7171	2025	68.5724	
2019	2014	29.9064	1489	49.9909	
2029	52	30.2205	2352	78.0149	
2025	1005	30.2922	1868	122.2373	
52	11	30.7347	2205	73.0905	
2010	10	31.0252	2183	70.7335	
1030	1005	31.2611	3748	121.1761	
2020	2003	31.8288	1349	42.4499	
1031	1009	32.0011	1019	49.4211	
1029	1009	32.2155	3769	117.9325	
1003	10	32.3397	2021	62.5139	
2034	2029	32.5325	2515	77.7900	
2022	1017	33.3408	747	22.4213	
2015	52	33.3433	3873	122.1563	
1010	1007	33.4251	3158	99.4288	
2027	1026	33.5580	2320	69.3133	
2034	2010	33.8806	2191	65.2664	
17	13	34.3220	2749	80.9954	
2015	1010	34.6155	3689	106.6451	
2022	52	34.6341	2745	79.3468	
2029	2010	34.7410	2191	67.0062	
2010	1005	35.1503	2631	75.6700	
1030	1013	35.2727	3761	107.1275	
2035	2010	35.3282	2148	61.1563	
2017	1023	35.5711	1441	43.2000	
1033	1029	36.0938	4752	131.6837	
2028	1019	37.2481	3464	93.7352	
2014	2002	37.3050	1531	42.6887	
2013	51	37.3842	2323	65.8932	
2002	1028	38.1618	1794	49.3524	
2015	49	38.3753	2644	70.4768	
1033	11	38.7918	3230	84.0179	
2014	1028	38.8990	3320	86.3902	
2020	11	40.9300	2891	70.9816	
2024	53	41.3721	3529	85.3880	
2028	2025	41.7341	2808	76.1386	
2010	2009	42.0472	4239	102.3620	
52	18	43.2489	1673	38.7926	
2035	2015	43.5884	3277	78.6015	
2021	2010	43.6016	1644	42.0322	
1034	1029	45.5491	3528	78.2071	
2014	54	45.7819	804	18.7120	
2009	52	47.4853	1607	33.8639	
2025	2008	47.5849	1533	33.3177	
2014	52	48.1848	551	15.1354	
2002	10	48.6966	2830	58.4208	
1025	13	49.6625	3834	77.3226	
2029	2024	49.7757	1501	38.7673	
1016	10	49.9300	427	9.3800	
1030	1007	50.2014	5434	109.8891	
2010	1030	50.3957	4794	95.8082	
51	13	51.0147	8192	165.7784	
1008	1007	51.7589	3930	81.4507	
1034	12	52.2551	2827	57.9949	
1020	1003	52.4800	2479	49.5837	
2034	2022	53.7999	218	4.4299	
2012	1014	55.1584	822	15.1333	
1035	1010	55.6402	3605	64.9640	
2022	2008	56.3228	4060	74.6581	
2009	51	56.5848	1850	33.0083	
1035	13	57.3120	1276	22.3568	
1021	1015	57.5166	6037	105.1237	
1019	11	57.9262	1518	26.3597	
1025	1015	57.9321	5543	95.9272	
1024	1008	58.7528	4494	77.0148	
1032	12	59.4829	2520	42.4521	
2013	2009	62.0205	6671	108.2604	
2010	2007	62.0621	3754	96.6520	
2013	1025	62.2152	682	37.4325	
2008	2005	64.7818	2785	43.7624	
2020	52	64.8784	3188	49.2655	
2008	2003	65.7185	5570	85.7994	
1023	26	65.9206	3944	60.3946	
1026	1025	66.8177	6515	97.7294	
2015	2010	67.2285	6319	95.7234	
1028	1010	68.8064	5981	87.7555	
1031	1025	69.3280	4347	62.8900	
2015	2007	69.6276	1089	17.9044	
2025	52	70.0160	5667	81.2248	
54	50	70.7492	1636	23.2684	
2030	10	70.9153	11880	168.6164	
2030	2013	71.3950	6934	100.3250	
2020	2008	71.8321	7936	110.7016	
2035	2005	73.3200	7249	99.0622	
1020	1015	74.7276	10280	138.2224	
2030	13	76.5299	13774	180.5867	
1027	1024	78.3349	6346	81.4852	
49	17	78.5726	9510	123.1525	
2035	2021	78.9373	6506	84.5199	
1005	12	80.3820	8999	112.3662	
2014	49	80.9211	1154	15.8015	
2005	1029	81.2909	11060	151.0591	
2026	11	81.5150	928	12.9332	
2027	52	82.0854	4530	55.3291	
2015	17	82.9735	10793	131.5342	
2017	52	83.3791	6062	73.0773	
2030	2005	84.0785	8181	98.9806	
2010	12	84.2668	7077	84.2466	
2017	11	84.5927	6027	71.7941	
2020	12	86.5832	7458	86.3297	
2017	10	88.2237	7634	87.1212	
1012	1006	88.4258	810	14.2661	
2030	2025	89.6555	6965	78.8334	
51	12	90.7753	11823	141.6670	
17	11	92.1414	3966	43.4386	
2007	1013	93.0203	4047	46.4821	
1026	1023	93.6788	5168	55.5034	
26	18	95.4910	1802	19.2211	
2005	51	96.2018	7999	83.4667	
52	12	97.1114	12008	135.1233	
2028	2010	97.5824	10615	109.0324	
50	13	98.0755	2983	32.4878	
2023	1017	98.7393	1276	22.6404	
1014	12	99.1065	1108	32.2771	
2007	1007	101.5903	9292	113.2768	
2028	2019	101.9113	5247	51.8579	
1011	13	102.0662	9469	92.9548	
1030	1022	102.4091	979	11.4627	
2014	2010	102.6742	11514	112.2018	
58	13	103.7486	2874	27.8098	
2033	53	104.0010	3708	38.2981	
1035	1029	104.6063	9286	90.4086	
2032	1014	104.7187	1612	15.5010	
2029	2015	104.8251	8800	85.0663	
1015	1010	105.4325	10215	97.1477	
58	54	107.4314	1310	13.5307	
1028	1022	107.4534	2845	27.0376	
2028	1023	109.7804	652	6.3180	
2027	2008	113.1431	11603	102.6788	
2030	12	116.7336	20571	177.3064	
2027	1028	118.2914	9251	78.5376	
2031	51	119.8492	4874	41.5824	
2028	2015	120.5948	19198	162.3543	
1027	1015	123.2996	15619	127.0995	
1023	11	123.4689	3276	26.7396	
2010	49	127.8452	3298	42.1898	
1033	1021	128.1536	13826	107.9484	
2013	1007	128.2927	7111	57.7881	
1010	12	134.5614	9012	67.3158	
58	49	136.6824	1924	30.0981	
2020	49	137.1640	7553	55.5016	
1035	1006	141.5923	576	4.5209	
2026	2023	141.5962	8541	61.7547	
1026	11	142.2845	1465	13.4387	
2011	2010	142.3035	9942	70.7561	
1032	11	148.2355	5174	35.0465	
2030	53	149.8747	4970	44.8916	
2034	2024	150.2387	381	2.6715	
2023	1025	154.6201	1354	26.7780	
1033	17	155.7551	4969	41.0027	
1007	1005	160.6223	5700	38.7692	
1014	50	160.6228	7769	48.5433	
1022	13	163.2626	10650	66.0214	
2027	49	164.4259	9369	57.8774	
1033	10	164.6321	10312	64.0001	
2005	1025	165.5689	2693	72.0112	
2030	2022	166.4996	968	8.3334	
2018	51	166.5272	2511	16.1196	
1015	12	171.9013	7970	68.2716	
2024	2008	172.5276	11560	67.5332	
52	10	173.4817	20281	132.1239	
2030	2019	176.7869	1280	8.6575	
2030	49	178.0419	10982	72.1956	
1029	10	178.2104	12882	73.3211	
2011	53	180.1826	14040	79.4498	
2027	2014	180.3736	1277	32.4821	
2025	53	180.5695	13237	77.2322	
2010	2005	181.1028	11349	66.4904	
2008	2007	182.3459	12642	73.9732	
2021	2009	182.6152	18947	106.3864	
1030	1025	183.2834	15698	86.5113	
2029	2007	183.2845	22281	122.2766	
2027	2024	183.7533	9385	63.6426	
2030	2029	185.6657	16982	92.3129	
49	13	186.0565	6571	89.0246	
2015	53	187.0665	8708	51.6142	
1033	1013	187.7756	19103	102.4176	
2030	2008	198.1832	2013	12.6327	
1015	1007	198.7814	10327	103.1639	
2018	2012	200.0485	3672	19.4129	
2021	2007	200.5089	19141	99.3447	
1034	1024	201.3296	399	2.2063	
2026	50	203.4623	855	7.3387	
2017	51	204.5926	12351	60.7105	
1019	12	205.7546	5612	27.3747	
2024	49	212.9307	13415	63.5851	
2026	2025	213.0194	21214	99.9010	
1030	1018	213.7268	963	4.6104	
1035	1011	215.8811	18089	83.8800	
1023	49	221.9132	12118	54.8009	
1028	1015	222.0672	31204	140.8198	
1031	1024	224.3334	16952	75.9919	
1030	1011	226.8981	22840	101.6483	
1029	1015	227.2384	28378	125.3275	
2017	1028	227.4816	502	2.6646	
2023	10	227.9032	13445	59.8466	
1025	1002	229.2372	17529	77.8900	
2010	2002	231.1963	14107	62.7137	
2013	53	235.6690	11778	65.7158	
1025	12	236.3998	16846	71.3442	
2026	2010	239.0287	23583	99.0160	
2035	2009	239.1969	4905	20.9029	
1030	1010	239.9543	18826	79.8239	
2021	52	240.3051	16749	70.0470	
2025	2002	241.4603	18193	76.8759	
2010	51	246.8520	14661	59.5569	
2029	2009	250.6966	23611	94.9604	
2009	54	250.7648	4030	16.6948	
1010	1005	255.0937	11752	47.1052	
2005	1021	258.7403	7809	115.5308	
1013	12	259.2792	23990	93.1926	
49	12	259.4182	36578	144.6678	
2024	52	259.6190	18729	72.5444	
1027	11	260.3513	8591	33.3602	
2005	1011	261.5172	36112	145.5437	
51	10	262.5657	35575	136.1868	
2025	2021	267.8471	1038	11.3909	
1020	12	267.9911	4393	18.3674	
2028	12	282.4721	23253	83.5223	
1026	26	283.8600	4324	20.0805	
1030	1021	290.7599	28892	100.4984	
1021	12	290.9554	27908	96.1801	
2011	1013	291.3332	8944	34.2254	
1030	1020	293.4154	2941	19.0127	
1031	12	294.6628	9770	35.2725	
2028	1017	302.2859	1046	4.7220	
2027	12	309.4250	26496	85.7801	
1018	12	309.9949	13986	70.4802	
1029	1021	310.2222	5832	19.0390	
53	17	316.4588	18879	62.0898	
1017	11	319.3710	10859	34.5562	
2025	1010	325.7791	1434	5.5664	
1028	13	329.7209	22226	69.0426	
1027	12	330.1033	15015	48.6497	
2035	2029	330.6873	23114	70.2580	
2014	11	331.6456	14416	44.3936	
2010	1025	338.8951	3572	38.7534	
1033	13	347.6048	13033	37.9305	
2032	2028	356.6599	663	4.1175	
2015	51	358.3824	26425	84.1914	
2033	2012	358.6650	7412	29.8392	
2028	2020	364.2712	22464	62.0847	
1027	1014	366.7354	2103	12.2176	
2033	51	374.6303	12130	33.1117	
2020	51	374.8766	9775	29.0159	
50	26	380.7097	7294	19.2774	
2032	50	383.7635	13689	35.8014	
2019	50	388.3068	10658	27.6959	
1010	53	392.1569	10812	31.7242	
2014	26	397.4978	5802	17.5100	
2031	2015	400.3043	25058	69.5433	
2027	11	402.0395	29164	72.8537	
53	51	409.5185	1788	8.8278	
1011	12	410.5761	36747	90.0899	
1028	1025	411.9352	30243	74.6307	
2023	49	422.0789	18337	43.9091	
2030	2024	424.2118	1099	2.7559	
2013	2005	424.6677	4502	26.2550	
1003	12	426.1956	17819	42.5577	
2028	1028	426.8100	17317	76.6547	
1029	13	434.8630	33469	79.1058	
2021	1013	441.9882	5396	87.8201	
2015	2013	447.3591	46429	104.3296	
1029	1017	449.6854	2408	10.7832	
2010	1023	450.8460	2149	4.9543	
2014	51	459.0953	2966	39.2715	
1010	10	468.4161	10206	42.7787	
1025	1022	479.5092	1867	4.7314	
1007	18	482.8392	2106	11.1378	
2002	1023	483.3832	2269	5.6216	
58	50	487.1517	1201	6.8684	
2026	1014	490.9581	4429	14.1588	
1013	17	491.8385	15763	51.8199	
1025	1008	491.8463	28758	60.7541	
2029	2017	498.7592	2665	5.7044	
2030	2009	499.1690	2067	16.4440	
2007	54	503.6959	4205	15.5810	
1030	1029	525.2675	58272	112.6757	
2009	53	529.1054	18030	40.1677	
1022	10	541.4313	38274	70.8840	
2029	2021	547.8306	5496	12.8920	
1028	1019	566.7164	28499	50.5787	
52	13	574.4057	21612	66.4637	
2012	54	576.1965	3873	6.9474	
1021	1007	578.4446	23119	46.6097	
2028	10	578.7275	51781	90.0877	
1032	1012	597.1757	1724	3.4177	
50	10	611.5719	41949	70.9604	
18	10	624.6660	14599	26.7687	
1030	12	635.8006	16780	30.9481	
2025	2022	651.7736	2283	4.1975	
54	52	662.3059	6095	10.9768	
2021	1021	699.8790	42324	129.3125	
1026	1002	715.7534	2142	8.7553	
2025	51	722.5800	49507	68.9001	
1024	10	753.2166	47721	63.5516	
2017	49	765.4540	42914	56.5797	
2031	2001	767.9941	20323	42.2823	
2028	1014	794.4118	52291	66.8585	
2020	50	803.2014	22432	28.5085	
26	10	817.2933	7050	9.1141	
58	52	817.4434	1779	5.3025	
54	49	819.0080	20003	25.2926	
2026	26	826.0942	9163	13.5336	
1023	10	848.9436	35371	42.2958	
2021	2015	867.6923	84946	99.1873	
1032	1028	884.1761	2375	3.4356	
1015	1011	888.0464	30913	86.4758	
2016	2010	904.6369	2595	7.7728	
1030	1024	914.2549	2036	3.3764	
1033	12	926.9470	29867	33.6545	
1025	10	944.0558	59311	64.1093	
12	10	983.0131	17903	18.9750	
2033	2007	997.7800	1935	3.8655	
1024	13	1010.9263	64125	64.2018	
26	11	1027.1421	1518	2.3097	
2021	51	1029.2249	72772	71.3642	
58	51	1031.7855	1396	4.7106	
2017	1017	1038.5411	3356	4.9821	
26	12	1039.9274	1702	3.0379	
2015	2011	1057.9821	9449	65.8326	
2030	2010	1062.7610	91744	86.9046	
2029	51	1076.1456	74311	69.2437	
2032	2012	1093.5773	1924	2.8125	
1028	1017	1100.9016	5360	26.7570	
2028	11	1101.9701	78221	71.5182	
1033	1007	1108.0522	5334	8.6249	
1035	1031	1121.0754	7117	19.3626	
2030	2012	1154.1179	7001	9.8248	
2033	2006	1154.4808	4223	6.7165	
2028	52	1182.8184	73845	63.3801	
2026	58	1203.2106	4512	5.9899	
2023	2002	1216.7606	20541	28.0120	
1028	1014	1235.5916	3250	6.2176	
2010	53	1243.7465	8224	24.4176	
1028	1020	1246.7571	68556	56.0250	
2013	1021	1264.6940	8542	58.6229	
2033	2015	1274.4479	2617	4.3861	
2023	1010	1309.7161	9459	9.1954	
2019	51	1312.8672	39669	30.5644	
2028	49	1353.5649	73519	55.1241	
18	13	1377.5997	9300	9.2718	
1029	1007	1391.0615	81819	69.1663	
2030	51	1393.8203	37095	45.9647	
49	11	1421.9235	112320	79.4269	
2013	1005	1426.3202	3309	3.5604	
2029	2005	1456.3433	19124	39.7003	
2030	2021	1470.1423	126241	88.0426	
1033	1030	1488.0854	4675	5.3117	
1033	1009	1508.5667	7515	8.6663	
2027	51	1553.0225	66793	43.4397	
1016	1010	1554.8842	9522	17.1808	
51	49	1554.9552	32432	21.6981	
2028	50	1577.7500	46443	31.6795	
2009	2008	1595.1349	13865	48.6684	
1035	18	1595.7686	5119	5.3506	
2016	2006	1604.2540	5211	7.8451	
1012	26	1640.3597	3634	2.9928	
1024	12	1662.0980	82050	50.0928	
1022	12	1697.2297	94655	57.7211	
2028	2018	1723.6703	109121	63.6399	
1030	1012	1737.2903	13340	8.5292	
2034	2030	1770.9901	5013	8.5719	
1033	1015	1778.8892	4294	5.0991	
1016	1006	1826.7085	12256	10.3586	
1029	12	1838.2181	124783	70.5003	
2012	58	1853.5299	5904	8.7285	
18	12	1858.3005	9830	9.9466	
2035	54	1861.3104	3858	3.6018	
1033	1012	1874.3326	10446	9.4196	
52	49	1912.2312	14965	8.9451	
1033	1006	2021.2799	7897	10.8908	
2034	2031	2034.4622	4906	6.4314	
1034	1031	2060.7561	7259	10.5177	
1010	17	2061.0339	10733	11.7979	
54	51	2068.1499	7136	7.5330	
2022	51	2070.4517	116015	59.0579	
2011	2005	2104.7537	26629	30.4967	
2023	2010	2124.3228	21077	27.9413	
2033	2030	2148.7554	6997	6.3796	
1028	11	2214.3418	60217	28.4307	
1023	1002	2232.6462	18242	19.4925	
2035	2034	2279.9619	4107	4.6423	
1028	10	2327.4141	127711	55.8386	
1011	1005	2346.8284	15885	25.9907	
1028	1018	2368.2129	156013	66.6495	
1031	1029	2377.0547	71710	45.6873	
26	13	2382.9021	6588	4.9158	
1031	1015	2430.5979	100578	55.8477	
2035	2033	2467.6523	30136	19.6312	
2022	2017	2566.0505	11953	6.6993	
2027	2012	2566.0645	15735	9.3547	
1025	1021	2732.2927	6222	4.2574	
2024	51	2758.5583	151593	57.7645	
1023	1010	2762.9021	24045	26.8879	
2018	2003	2765.1353	41824	35.6071	
1035	1033	2814.3064	12342	7.1581	
2027	2019	2829.4011	19191	28.9798	
2026	2002	2861.4565	17123	16.5429	
2035	2022	2935.3406	13170	17.6953	
2024	2017	2942.9197	17057	16.0915	
2029	2022	2945.4292	9402	9.4580	
2028	2014	2967.5593	13777	8.9143	
1022	1017	2970.8391	15200	7.8521	
1013	1005	2988.5947	15188	19.3501	
2027	50	3107.1724	98053	31.8708	
2007	53	3126.6489	27605	23.5699	
1033	18	3192.5315	25120	13.5461	
13	10	3196.7026	27586	10.2387	
1025	1023	3261.2861	26077	19.0514	
1035	1022	3278.2788	11145	6.0568	
2020	2019	3317.5459	9244	5.6540	
2016	2013	3387.7446	11618	8.7042	
1017	10	3410.7559	180450	53.5603	
1029	1022	3505.4404	22165	17.9857	
1024	1017	3535.3638	23812	13.6852	
2026	1026	3552.5696	22718	7.1304	
1035	1020	3587.8679	21441	14.6535	
2025	2013	3640.0198	5944	3.2167	
1027	1020	3670.7097	36875	40.4948	
2028	2017	3676.2561	8243	4.7062	
2020	2012	3681.8022	7053	3.7570	
1032	1027	3696.0195	9819	4.2836	
1032	1014	3712.1025	15550	6.4049	
2002	1002	3759.6248	18585	6.9396	
2032	2027	3791.2349	11192	11.0790	
1012	11	3800.3130	49199	17.5151	
1035	1024	3820.2056	9136	5.6845	
2027	2003	3889.4153	11483	6.5385	
2035	2031	3912.2996	33881	25.3851	
12	11	3936.6943	12802	6.4314	
2035	2019	3940.0867	11099	4.0444	
2028	2024	3963.7610	66957	48.1723	
1035	1034	3972.9612	7227	4.7332	
2035	2020	3986.4224	14555	13.7845	
2035	2024	4096.1626	10103	11.2577	
2025	2023	4161.1768	36061	25.2599	
2031	2029	4222.9160	86683	35.6139	
2012	50	4243.6216	77825	21.0944	
1030	1001	4253.6230	33871	24.9994	
2030	2001	4336.6680	23805	14.4851	
2032	2014	4482.4248	21208	7.1972	
1027	1003	4519.2524	30540	28.5651	
1020	1012	4526.0972	10839	4.1704	
1028	1024	4532.1807	72452	28.4984	
2033	54	4563.6650	16967	8.5766	
2014	50	4583.1060	69636	17.9418	
2014	1026	4610.9014	25212	10.9844	
2015	2001	4706.3101	12833	8.3605	
2024	2018	4804.1714	32689	35.0450	
2027	2018	4822.9463	61675	25.7300	
1016	1013	4993.7002	20266	8.2525	
17	10	5058.4067	104257	40.3720	
2011	2009	5076.0132	50089	29.9377	
1011	1009	5081.5557	36583	30.2305	
1035	1018	5179.7158	9718	3.7044	
2020	2018	5249.4302	21273	11.7972	
51	50	5266.3154	11497	3.4293	
1020	1019	5279.1704	10703	7.5033	
2006	53	5279.7109	13084	4.6243	
2025	2017	5323.7119	23343	15.0570	
1009	1008	5387.5845	49156	46.1940	
1027	1012	5574.2671	18599	5.8028	
1007	17	5646.0420	27537	14.1280	
18	17	5700.5972	23394	9.7670	
2014	58	5763.2681	11965	4.5210	
1029	1005	5841.9873	16117	6.8425	
2033	2009	5858.5503	18587	5.0775	
1013	1011	5885.5000	13912	4.8081	
2005	1005	5915.2847	44707	87.9937	
52	50	5944.9990	24244	6.4908	
54	53	5952.5034	31542	12.1306	
1024	1003	5973.4009	40452	28.4975	
1028	1027	5985.4004	146112	46.1945	
1014	11	6158.9819	107180	19.1714	
49	10	6423.5938	211920	79.4620	
2007	2006	6450.4077	25651	7.6919	
2024	2003	6503.2266	76218	28.9552	
1008	1001	6519.5649	30916	16.6468	
1031	1001	6603.4419	13674	8.9319	
1021	1011	6697.2817	31843	10.6839	
13	11	6706.7705	28716	7.5258	
50	11	6737.0581	333763	55.0732	
1018	1003	6826.9302	150302	43.4788	
1015	1008	6891.2915	123660	38.5521	
1012	12	6923.6240	50613	14.1480	
1034	1030	6977.3091	19281	5.5974	
2012	51	7020.7900	44876	13.4044	
1025	1013	7047.8530	20611	5.6373	
2035	2030	7097.8989	41806	31.2829	
1025	1017	7138.5049	18526	5.9317	
1027	1019	7198.1226	39296	30.3753	
1028	12	7346.1641	339386	47.6476	
1020	1018	7465.5786	39126	25.6470	
1013	1010	7660.4282	25439	7.3447	
2035	51	7674.9619	41285	8.6163	
2031	2030	7708.4497	29546	14.0241	
2013	2010	7773.7422	26217	9.2717	
2019	2012	7863.5972	26323	7.5051	
2028	51	7883.7886	390395	50.2496	
2029	2011	7889.7808	54245	34.5931	
13	12	7919.5806	24353	5.0562	
1027	1018	7943.8589	29962	22.9285	
2011	2008	8052.9346	21867	6.5872	
2028	2026	8077.7490	35901	8.7154	
2027	2020	8242.3887	43832	19.5589	
1028	1023	8362.0889	30630	12.8004	
2028	2003	8372.3369	201487	34.4504	
1035	1030	8566.6973	35415	9.1726	
1029	1011	8878.6309	83029	34.6164	
2021	1005	8918.1260	27275	29.0830	
2010	1010	9128.2998	60011	10.0246	
1006	18	9162.2910	25896	6.0598	
1024	1018	9429.2598	52769	28.1481	
1031	1030	9440.6719	46850	26.2264	
2025	1025	9448.7051	18181	3.6199	
1028	1003	9518.3984	138955	27.0652	
52	51	9608.2715	36923	6.3433	
2021	2011	9631.2451	36961	10.7219	
2028	2027	9807.1650	169540	39.5984	
2006	54	9929.0498	35183	6.6877	
1019	1012	10146.7891	39325	9.4454	
1006	17	10560.0205	36348	11.2533	
2023	2017	10830.4805	33071	12.2558	
2013	1013	11288.0781	40686	20.5707	
2029	2025	11289.7285	50258	11.3508	
1014	26	11409.1719	33548	7.4553	
53	49	11433.5645	76504	25.1888	
1029	1025	11586.5166	38154	9.0145	
2025	2010	11719.6104	69286	26.8819	
2015	2008	11922.3643	67303	21.2980	
2013	2011	11929.3223	26508	5.2904	
2035	2018	12038.4336	30358	9.1445	
1011	1008	12148.9941	35724	7.0308	
2031	2008	12187.1523	35476	13.3762	
1031	1022	12219.6992	78273	24.2013	
2028	2002	12324.8564	29400	4.3126	
1025	1010	12470.7930	55718	20.6291	
1035	1012	12857.5293	42276	7.7966	
1007	1006	12859.1426	51837	7.2226	
2031	2022	12869.1602	50678	9.2826	
2025	2005	12996.4102	35405	13.2121	
1026	1014	13157.3037	33991	4.5233	
2026	2014	13580.0479	55536	8.8072	
2011	2007	13757.1699	210937	48.7606	
2035	2012	13812.2178	59737	10.5867	
1028	1026	13934.1514	44241	5.5796	
1023	1017	14051.4932	26224	4.8431	
2023	1023	14091.0010	60150	5.9801	
2008	2001	14587.6738	35104	7.7561	
1015	1001	15155.2031	38022	6.5712	
11	10	15250.9404	132775	13.1402	
2024	2022	15355.0557	64176	13.4541	
2028	2023	15481.4375	35803	6.4628	
2021	2013	15633.5693	74937	8.4736	
50	49	16208.3691	140048	14.7944	
1031	1008	17039.2656	37771	4.7525	
2014	1014	17137.4453	149480	36.8654	
1016	17	17732.6465	49886	6.9680	
2016	53	17955.0156	50583	6.8801	
2014	2012	18150.8164	90492	7.3508	
1035	12	19649.9961	80599	9.7424	
1028	1002	20555.8945	42781	4.1680	
1021	1013	20835.2363	76988	7.5460	
1011	1007	21043.9805	116264	28.8871	
1016	1007	22008.0430	58423	4.2295	
1030	1015	22063.7793	47526	4.9880	
1024	1022	22542.7402	117196	16.5962	
1025	1005	22884.5469	49015	9.2082	
1014	1012	23629.9355	58351	4.0962	
2013	2007	24602.3828	102115	26.6032	
1029	1008	25270.1113	428173	49.4715	
2021	2005	25827.0957	114915	7.7883	
1013	1007	26338.4961	126695	17.2444	
1021	1005	26364.3906	125572	8.5003	
2016	2007	30026.2695	61654	4.5358	
2030	2015	33207.0000	69480	6.7316	
2015	2009	33860.2422	99702	8.5732	
1015	1009	35805.8945	105555	6.8043	
2009	2007	38227.5625	118217	11.4384	
1009	1007	40789.4922	128852	11.1546	
2029	2008	45785.5859	357348	39.4661	

Node	Degree	Surface Area	Strength
0010	0060	 	44304.96875
0011	0040	 	50583.07422
0012	0065	 	61515.67578
0013	0052	 	25317.58594
0017	0040	 	48192.04297
0018	0032	 	24181.20117
0026	0021	 	20424.36133
0049	0052	 	44270.25391
0050	0039	 	51376.17188
0051	0060	 	57422.89844
0052	0055	 	22151.24805
0053	0042	 	47800.93359
0054	0033	 	27442.20703
0058	0024	 	11583.28516
1001	0007	 	32532.08203
1002	0015	 	27556.94336
1003	0010	 	27358.96094
1005	0032	 	77327.25000
1006	0024	 	36675.76562
1007	0041	 	133014.71875
1008	0028	 	73887.00000
1009	0025	 	88683.03125
1010	0048	 	39316.10156
1011	0034	 	64314.36328
1012	0029	 	73402.75000
1013	0043	 	88948.42188
1014	0027	 	78598.33594
1015	0041	 	86320.21094
1016	0024	 	48197.86719
1017	0024	 	34539.67188
1018	0012	 	39743.51562
1019	0012	 	23520.59961
1020	0024	 	26502.39258
1021	0030	 	60568.82812
1022	0021	 	47631.35156
1023	0022	 	47253.83594
1024	0027	 	54746.28125
1025	0054	 	80660.89844
1026	0021	 	36689.89844
1027	0018	 	39752.50000
1028	0040	 	84226.93750
1029	0047	 	63223.51953
1030	0041	 	58356.19141
1031	0017	 	53921.23438
1032	0012	 	9113.91797
1033	0035	 	17885.89258
1034	0009	 	13335.37793
1035	0033	 	67119.53125
2001	0011	 	24435.66797
2002	0024	 	21276.10352
2003	0013	 	21642.89844
2005	0033	 	50073.42188
2006	0013	 	24457.20312
2007	0045	 	118683.87500
2008	0022	 	95121.39062
2009	0045	 	86895.14844
2010	0051	 	36775.75781
2011	0032	 	60197.98438
2012	0026	 	62660.27344
2013	0042	 	82470.29688
2014	0037	 	73046.32812
2015	0049	 	88928.97656
2016	0022	 	53937.53125
2017	0022	 	28395.33594
2018	0014	 	31798.33203
2019	0019	 	20012.20117
2020	0029	 	26477.10742
2021	0042	 	66194.97656
2022	0025	 	39772.81250
2023	0020	 	50308.10156
2024	0033	 	41979.91016
2025	0039	 	61623.77734
2026	0023	 	31507.40625
2027	0031	 	42249.06641
2028	0046	 	83204.21094
2029	0031	 	76926.50000
2030	0051	 	63958.79297
2031	0015	 	44234.04297
2032	0009	 	10232.92773
2033	0035	 	19346.85742
2034	0016	 	6365.39551
2035	0039	 	67010.25000
